

-- Drop part
ALTER TABLE `msb_block` DROP FOREIGN KEY FK_BLOCK_CONTAINER_ID;
ALTER TABLE `msb_block_family` DROP FOREIGN KEY FK_BLOCK_FAMILY_CONTAINER_ID;
ALTER TABLE `msb_modification` DROP FOREIGN KEY FK_MODIFICATION_CONTAINER_ID;
ALTER TABLE `msb_organism` DROP FOREIGN KEY FK_ORGANISM_CONTAINER_ID;
ALTER TABLE `msb_sequence_family` DROP FOREIGN KEY FK_SEQUENCE_FAMILY_CONTAINER_ID;
ALTER TABLE `msb_u2c` DROP FOREIGN KEY FK_U2C_USER_ID;
ALTER TABLE `msb_u2c` DROP FOREIGN KEY FK_U2C_CONTAINER_ID;
ALTER TABLE `msb_b2f` DROP FOREIGN KEY FK_B2F_BLOCK_ID;
ALTER TABLE `msb_b2f` DROP FOREIGN KEY FK_B2F_FAMILY_ID;
ALTER TABLE `msb_b2s` DROP FOREIGN KEY FK_B2S_SEQUENCE_ID;
ALTER TABLE `msb_b2s` DROP FOREIGN KEY FK_B2S_BLOCK_ID;
ALTER TABLE `msb_b2s` DROP FOREIGN KEY FK_B2S_NEXT_BLOCK_ID;
ALTER TABLE `msb_b2s` DROP FOREIGN KEY FK_B2S_BRANCH_REFERENCE_ID;
ALTER TABLE `msb_sequence` DROP FOREIGN KEY FK_SEQUENCE_CONTAINER_ID;
ALTER TABLE `msb_sequence` DROP FOREIGN KEY FK_SEQUENCE_N_MODIFICATION_ID;
ALTER TABLE `msb_sequence` DROP FOREIGN KEY FK_SEQUENCE_C_MODIFICATION_ID;
ALTER TABLE `msb_sequence` DROP FOREIGN KEY FK_SEQUENCE_B_MODIFICATION_ID;
ALTER TABLE `msb_s2f` DROP FOREIGN KEY FK_S2F_SEQUENCE_ID;
ALTER TABLE `msb_s2f` DROP FOREIGN KEY FK_S2F_FAMILY_ID;
ALTER TABLE `msb_s2o` DROP FOREIGN KEY FK_S2O_ORGANISM_ID;
ALTER TABLE `msb_s2o` DROP FOREIGN KEY FK_S2O_SEQUENCE_ID;
DROP TABLE IF EXISTS `msb_container`;
DROP TABLE IF EXISTS  `msb_b2f`;
DROP TABLE IF EXISTS  `msb_b2s`;
DROP TABLE IF EXISTS  `msb_block`;
DROP TABLE IF EXISTS  `msb_block_family`;
DROP TABLE IF EXISTS  `msb_condition`;
DROP TABLE IF EXISTS  `msb_modification`;
DROP TABLE IF EXISTS  `msb_organism`;
DROP TABLE IF EXISTS  `msb_s2f`;
DROP TABLE IF EXISTS  `msb_s2o`;
DROP TABLE IF EXISTS  `msb_sequence`;
DROP TABLE IF EXISTS  `msb_sequence_family`;
DROP TABLE IF EXISTS  `msb_setup`;
DROP TABLE IF EXISTS  `msb_u2c`;
DROP TABLE IF EXISTS  `msb_user`;


CREATE TABLE `msb_container` (id INT AUTO_INCREMENT NOT NULL, container_name VARCHAR(255) NOT NULL, visibility VARCHAR(10) NOT NULL, PRIMARY KEY(id)) DEFAULT CHARACTER SET utf8mb4 COLLATE `utf8mb4_unicode_ci` ENGINE = InnoDB;
CREATE TABLE `msb_b2f` (id INT AUTO_INCREMENT NOT NULL, block_id INT NOT NULL, family_id INT NOT NULL, INDEX IDX_88D539BFE9ED820C (block_id), INDEX IDX_88D539BFC35E566A (family_id), PRIMARY KEY(id)) DEFAULT CHARACTER SET utf8mb4 COLLATE `utf8mb4_unicode_ci` ENGINE = InnoDB;
CREATE TABLE `msb_b2s` (id INT AUTO_INCREMENT NOT NULL, sequence_id INT NOT NULL, block_id INT NOT NULL, next_block_id INT DEFAULT NULL, branch_reference_id INT DEFAULT NULL, is_branch TINYINT DEFAULT '0' NOT NULL, block_original_id INT NOT NULL, sort INT NOT NULL, INDEX IDX_E508DD5498FB19AE (sequence_id), INDEX IDX_E508DD54E9ED820C (block_id), INDEX IDX_E508DD54D1F7CEE2 (next_block_id), INDEX IDX_E508DD544BA1090F (branch_reference_id), PRIMARY KEY(id)) DEFAULT CHARACTER SET utf8mb4 COLLATE `utf8mb4_unicode_ci` ENGINE = InnoDB;
CREATE TABLE `msb_block` (id INT AUTO_INCREMENT NOT NULL, container_id INT NOT NULL, block_name VARCHAR(255) NOT NULL, acronym VARCHAR(30) NOT NULL, residue VARCHAR(255) NOT NULL, block_mass DOUBLE PRECISION DEFAULT NULL, losses VARCHAR(255) DEFAULT NULL, block_smiles VARCHAR(255) DEFAULT NULL, usmiles VARCHAR(255) DEFAULT NULL, source SMALLINT DEFAULT NULL, identifier VARCHAR(255) DEFAULT NULL, is_polyketide TINYINT DEFAULT '0' NOT NULL, INDEX IDX_CD3263FFBC21F742 (container_id), UNIQUE INDEX UX_BLOCK_ACRONYM (acronym, container_id), PRIMARY KEY(id)) DEFAULT CHARACTER SET utf8mb4 COLLATE `utf8mb4_unicode_ci` ENGINE = InnoDB;
CREATE TABLE `msb_block_family` (id INT AUTO_INCREMENT NOT NULL, container_id INT NOT NULL, block_family_name VARCHAR(255) NOT NULL, INDEX IDX_1F452C21BC21F742 (container_id), UNIQUE INDEX UX_BLOCK_FAMILY_NAME (block_family_name, container_id), PRIMARY KEY(id)) DEFAULT CHARACTER SET utf8mb4 COLLATE `utf8mb4_unicode_ci` ENGINE = InnoDB;
CREATE TABLE `msb_condition` (id INT AUTO_INCREMENT NOT NULL, text TEXT NOT NULL, PRIMARY KEY(id)) DEFAULT CHARACTER SET utf8mb4 COLLATE `utf8mb4_unicode_ci` ENGINE = InnoDB;
CREATE TABLE `msb_modification` (id INT AUTO_INCREMENT NOT NULL, container_id INT NOT NULL, modification_name VARCHAR(255) NOT NULL, modification_formula VARCHAR(255) NOT NULL, modification_mass DOUBLE PRECISION DEFAULT NULL, n_terminal TINYINT DEFAULT '0' NOT NULL, c_terminal TINYINT DEFAULT '0' NOT NULL, INDEX IDX_1C697E23BC21F742 (container_id), UNIQUE INDEX UX_MODIFICATION_NAME (modification_name, container_id), PRIMARY KEY(id)) DEFAULT CHARACTER SET utf8mb4 COLLATE `utf8mb4_unicode_ci` ENGINE = InnoDB;
CREATE TABLE `msb_organism` (id INT AUTO_INCREMENT NOT NULL, container_id INT NOT NULL, organism VARCHAR(255) NOT NULL, INDEX IDX_BA6090D4BC21F742 (container_id), UNIQUE INDEX UX_ORGANISM_NAME (organism, container_id), PRIMARY KEY(id)) DEFAULT CHARACTER SET utf8mb4 COLLATE `utf8mb4_unicode_ci` ENGINE = InnoDB;
CREATE TABLE `msb_s2f` (id INT AUTO_INCREMENT NOT NULL, sequence_id INT NOT NULL, family_id INT NOT NULL, INDEX IDX_9531F0F898FB19AE (sequence_id), INDEX IDX_9531F0F8C35E566A (family_id), PRIMARY KEY(id)) DEFAULT CHARACTER SET utf8mb4 COLLATE `utf8mb4_unicode_ci` ENGINE = InnoDB;
CREATE TABLE `msb_s2o` (id INT AUTO_INCREMENT NOT NULL, organism_id INT NOT NULL, sequence_id INT NOT NULL, INDEX IDX_ECED485C64180A36 (organism_id), INDEX IDX_ECED485C98FB19AE (sequence_id), PRIMARY KEY(id)) DEFAULT CHARACTER SET utf8mb4 COLLATE `utf8mb4_unicode_ci` ENGINE = InnoDB;
CREATE TABLE `msb_sequence` (id INT AUTO_INCREMENT NOT NULL, n_modification_id INT DEFAULT NULL, c_modification_id INT DEFAULT NULL, b_modification_id INT DEFAULT NULL, container_id INT NOT NULL, sequence_type VARCHAR(255) DEFAULT 'other' NOT NULL, sequence_name VARCHAR(255) NOT NULL, sequence VARCHAR(500), sequence_original VARCHAR(500), sequence_formula VARCHAR(255) NOT NULL, sequence_mass DOUBLE PRECISION DEFAULT NULL, sequence_smiles VARCHAR(4000) DEFAULT NULL, usmiles VARCHAR(4000) DEFAULT NULL, source SMALLINT DEFAULT NULL, identifier VARCHAR(255) DEFAULT NULL, decays VARCHAR(255) DEFAULT NULL, unique_block_count INT NOT NULL DEFAULT 0, block_count INT NOT NULL DEFAULT 0, INDEX IDX_E5B5CDD3202EA3BB (n_modification_id), INDEX IDX_E5B5CDD3329000A9 (c_modification_id), INDEX IDX_E5B5CDD3B536CBEA (b_modification_id), INDEX IDX_E5B5CDD3BC21F742 (container_id), UNIQUE INDEX UX_SEQUENCE_NAME (sequence_name, container_id), PRIMARY KEY(id)) DEFAULT CHARACTER SET utf8mb4 COLLATE `utf8mb4_unicode_ci` ENGINE = InnoDB;
CREATE TABLE `msb_sequence_family` (id INT AUTO_INCREMENT NOT NULL, container_id INT NOT NULL, sequence_family_name VARCHAR(255) NOT NULL, INDEX IDX_520EE404BC21F742 (container_id), UNIQUE INDEX UX_SEQUENCE_FAMILY_NAME (sequence_family_name, container_id), PRIMARY KEY(id)) DEFAULT CHARACTER SET utf8mb4 COLLATE `utf8mb4_unicode_ci` ENGINE = InnoDB;
CREATE TABLE `msb_setup` (id INT AUTO_INCREMENT NOT NULL, similarity VARCHAR(10) DEFAULT 'name' NOT NULL, PRIMARY KEY(id)) DEFAULT CHARACTER SET utf8mb4 COLLATE `utf8mb4_unicode_ci` ENGINE = InnoDB;
CREATE TABLE `msb_u2c` (id INT AUTO_INCREMENT NOT NULL, user_id INT NOT NULL, container_id INT NOT NULL, mode VARCHAR(10) NOT NULL, INDEX IDX_E1D678C5A76ED395 (user_id), INDEX IDX_E1D678C5BC21F742 (container_id), PRIMARY KEY(id)) DEFAULT CHARACTER SET utf8mb4 COLLATE `utf8mb4_unicode_ci` ENGINE = InnoDB;
CREATE TABLE `msb_user` (id INT AUTO_INCREMENT NOT NULL, nick VARCHAR(180) NOT NULL, roles JSON NOT NULL, password VARCHAR(255) NOT NULL, mail VARCHAR(255) DEFAULT NULL, api_token VARCHAR(255) DEFAULT NULL, conditions TINYINT DEFAULT '0' NOT NULL, chem_spider_token VARCHAR(255) DEFAULT NULL, last_activity DATETIME DEFAULT NULL, UNIQUE INDEX UNIQ_A0E45FAB290B2F37 (nick), UNIQUE INDEX UNIQ_A0E45FAB7BA2F5EB (api_token), UNIQUE INDEX UNIQ_A0E45FAB5126AC48 (mail), PRIMARY KEY(id)) DEFAULT CHARACTER SET utf8mb4 COLLATE `utf8mb4_unicode_ci` ENGINE = InnoDB;
ALTER TABLE `msb_b2f` ADD CONSTRAINT FK_B2F_BLOCK_ID FOREIGN KEY (block_id) REFERENCES `msb_block` (id);
ALTER TABLE `msb_b2f` ADD CONSTRAINT FK_B2F_FAMILY_ID FOREIGN KEY (family_id) REFERENCES `msb_block_family` (id);
ALTER TABLE `msb_b2s` ADD CONSTRAINT FK_B2S_SEQUENCE_ID FOREIGN KEY (sequence_id) REFERENCES `msb_sequence` (id);
ALTER TABLE `msb_b2s` ADD CONSTRAINT FK_B2S_BLOCK_ID FOREIGN KEY (block_id) REFERENCES `msb_block` (id);
ALTER TABLE `msb_b2s` ADD CONSTRAINT FK_B2S_NEXT_BLOCK_ID FOREIGN KEY (next_block_id) REFERENCES `msb_block` (id);
ALTER TABLE `msb_b2s` ADD CONSTRAINT FK_B2S_BRANCH_REFERENCE_ID FOREIGN KEY (branch_reference_id) REFERENCES `msb_block` (id);
ALTER TABLE `msb_block` ADD CONSTRAINT FK_BLOCK_CONTAINER_ID FOREIGN KEY (container_id) REFERENCES `msb_container` (id);
ALTER TABLE `msb_block_family` ADD CONSTRAINT FK_BLOCK_FAMILY_CONTAINER_ID FOREIGN KEY (container_id) REFERENCES `msb_container` (id);
ALTER TABLE `msb_modification` ADD CONSTRAINT FK_MODIFICATION_CONTAINER_ID FOREIGN KEY (container_id) REFERENCES `msb_container` (id);
ALTER TABLE `msb_organism` ADD CONSTRAINT FK_ORGANISM_CONTAINER_ID FOREIGN KEY (container_id) REFERENCES `msb_container` (id);
ALTER TABLE `msb_s2f` ADD CONSTRAINT FK_S2F_SEQUENCE_ID FOREIGN KEY (sequence_id) REFERENCES `msb_sequence` (id);
ALTER TABLE `msb_s2f` ADD CONSTRAINT FK_S2F_FAMILY_ID FOREIGN KEY (family_id) REFERENCES `msb_sequence_family` (id);
ALTER TABLE `msb_s2o` ADD CONSTRAINT FK_S2O_ORGANISM_ID FOREIGN KEY (organism_id) REFERENCES `msb_organism` (id);
ALTER TABLE `msb_s2o` ADD CONSTRAINT FK_S2O_SEQUENCE_ID FOREIGN KEY (sequence_id) REFERENCES `msb_sequence` (id);
ALTER TABLE `msb_sequence` ADD CONSTRAINT FK_SEQUENCE_N_MODIFICATION_ID FOREIGN KEY (n_modification_id) REFERENCES `msb_modification` (id);
ALTER TABLE `msb_sequence` ADD CONSTRAINT FK_SEQUENCE_C_MODIFICATION_ID FOREIGN KEY (c_modification_id) REFERENCES `msb_modification` (id);
ALTER TABLE `msb_sequence` ADD CONSTRAINT FK_SEQUENCE_B_MODIFICATION_ID FOREIGN KEY (b_modification_id) REFERENCES `msb_modification` (id);
ALTER TABLE `msb_sequence` ADD CONSTRAINT FK_SEQUENCE_CONTAINER_ID FOREIGN KEY (container_id) REFERENCES `msb_container` (id);
ALTER TABLE `msb_sequence_family` ADD CONSTRAINT FK_SEQUENCE_FAMILY_CONTAINER_ID FOREIGN KEY (container_id) REFERENCES `msb_container` (id);
ALTER TABLE `msb_u2c` ADD CONSTRAINT FK_U2C_USER_ID FOREIGN KEY (user_id) REFERENCES `msb_user` (id);
ALTER TABLE `msb_u2c` ADD CONSTRAINT FK_U2C_CONTAINER_ID FOREIGN KEY (container_id) REFERENCES `msb_container` (id);

-- MySQL dump 10.13  Distrib 8.0.19, for Win64 (x86_64)
--
-- Host: localhost    Database: msb
-- ------------------------------------------------------
-- Server version	8.0.19

/*!40101 SET @OLD_CHARACTER_SET_CLIENT=@@CHARACTER_SET_CLIENT */;
/*!40101 SET @OLD_CHARACTER_SET_RESULTS=@@CHARACTER_SET_RESULTS */;
/*!40101 SET @OLD_COLLATION_CONNECTION=@@COLLATION_CONNECTION */;
/*!50503 SET NAMES utf8 */;
/*!40103 SET @OLD_TIME_ZONE=@@TIME_ZONE */;
/*!40103 SET TIME_ZONE='+00:00' */;
/*!40014 SET @OLD_UNIQUE_CHECKS=@@UNIQUE_CHECKS, UNIQUE_CHECKS=0 */;
/*!40014 SET @OLD_FOREIGN_KEY_CHECKS=@@FOREIGN_KEY_CHECKS, FOREIGN_KEY_CHECKS=0 */;
/*!40101 SET @OLD_SQL_MODE=@@SQL_MODE, SQL_MODE='NO_AUTO_VALUE_ON_ZERO' */;
/*!40111 SET @OLD_SQL_NOTES=@@SQL_NOTES, SQL_NOTES=0 */;

--
-- Dumping data for table `msb_b2f`
--

LOCK TABLES `msb_b2f` WRITE;
/*!40000 ALTER TABLE `msb_b2f` DISABLE KEYS */;
INSERT INTO `msb_b2f` (`id`, `block_id`, `family_id`) VALUES
(1, 1, 1),
(2, 2, 1),
(3, 3, 1),
(4, 4, 1),
(5, 5, 1),
(6, 6, 1),
(7, 7, 1),
(8, 8, 1),
(9, 9, 1),
(10, 10, 1),
(11, 11, 1),
(12, 12, 1),
(13, 13, 1),
(14, 14, 1),
(15, 15, 1),
(16, 16, 1),
(17, 17, 1),
(18, 18, 1),
(19, 19, 1),
(20, 20, 1),
(21, 72, 3),
(22, 73, 3),
(23, 74, 3),
(24, 75, 3),
(25, 76, 3),
(26, 77, 3),
(27, 78, 3),
(28, 79, 3),
(29, 80, 3),
(30, 81, 3),
(31, 82, 3),
(32, 83, 3),
(33, 84, 3),
(34, 85, 3),
(35, 86, 3),
(36, 87, 3),
(37, 88, 3),
(38, 89, 3),
(39, 90, 3),
(40, 91, 3),
(43, 27, 5),
(44, 39, 5),
(45, 52, 5),
(46, 28, 6),
(47, 58, 5),
(49, 98, 4),
(50, 97, 4),
(51, 92, 4),
(55, 49, 7),
(58, 54, 7),
(60, 55, 4),
(61, 56, 4),
(62, 51, 4),
(63, 36, 4),
(64, 31, 4),
(65, 21, 4),
(66, 46, 4),
(67, 47, 4),
(68, 99, 4),
(69, 100, 4),
(70, 101, 4),
(71, 102, 4),
(72, 103, 4),
(73, 104, 4),
(74, 106, 4),
(76, 107, 4),
(77, 108, 4),
(78, 109, 4),
(79, 110, 4),
(81, 111, 7),
(83, 112, 7),
(87, 114, 7),
(88, 113, 7),
(89, 60, 5);
/*!40000 ALTER TABLE `msb_b2f` ENABLE KEYS */;
UNLOCK TABLES;

--
-- Dumping data for table `msb_b2s`
--

LOCK TABLES `msb_b2s` WRITE;
/*!40000 ALTER TABLE `msb_b2s` DISABLE KEYS */;
INSERT INTO `msb_b2s` (`id`, `sequence_id`, `block_id`, `next_block_id`, `branch_reference_id`, `is_branch`, `block_original_id`, `sort`) VALUES
(31, 4, 26, 39, NULL, 0, 0, 0),
(32, 4, 39, 19, 15, 0, 1, 1),
(33, 4, 15, NULL, 15, 1, 2, 2),
(34, 4, 15, NULL, 9, 1, 3, 3),
(35, 4, 9, NULL, NULL, 1, 4, 4),
(36, 4, 19, NULL, NULL, 0, 5, 5),
(37, 5, 15, 15, NULL, 0, 0, 0),
(38, 5, 15, 39, NULL, 0, 1, 1),
(39, 5, 39, 19, 26, 0, 2, 2),
(40, 5, 26, NULL, NULL, 1, 3, 3),
(41, 5, 19, 9, NULL, 0, 4, 4),
(42, 5, 9, 15, NULL, 0, 5, 5),
(54, 7, 36, 10, NULL, 0, 0, 0),
(55, 7, 10, 14, NULL, 0, 1, 1),
(56, 7, 14, 14, NULL, 0, 2, 2),
(57, 7, 14, 12, NULL, 0, 3, 3),
(58, 7, 12, 6, NULL, 0, 4, 4),
(59, 7, 6, 14, NULL, 0, 5, 5),
(60, 7, 14, 14, NULL, 0, 6, 6),
(61, 7, 14, 36, NULL, 0, 7, 7),
(62, 8, 37, 12, NULL, 0, 0, 0),
(63, 8, 12, 38, NULL, 0, 1, 1),
(64, 8, 38, 12, NULL, 0, 2, 2),
(65, 8, 12, 37, NULL, 0, 3, 3),
(66, 8, 37, 12, NULL, 0, 4, 4),
(67, 8, 12, 38, NULL, 0, 5, 5),
(68, 8, 38, 12, NULL, 0, 6, 6),
(69, 8, 12, 37, NULL, 0, 7, 7),
(70, 8, 37, 12, NULL, 0, 8, 8),
(71, 8, 12, 38, NULL, 0, 9, 9),
(72, 8, 38, 12, NULL, 0, 10, 10),
(73, 8, 12, 37, NULL, 0, 11, 11),
(74, 9, 8, 8, NULL, 0, 0, 0),
(75, 9, 8, 16, NULL, 0, 1, 1),
(76, 9, 16, 27, 27, 0, 2, 2),
(77, 9, 27, NULL, 4, 1, 3, 3),
(78, 9, 4, NULL, 17, 1, 4, 4),
(79, 9, 17, NULL, 4, 1, 5, 5),
(80, 9, 4, NULL, 28, 1, 6, 6),
(81, 9, 28, NULL, 42, 1, 7, 7),
(82, 9, 42, NULL, NULL, 1, 8, 8),
(83, 9, 27, 8, NULL, 0, 9, 9),
(265, 33, 14, 19, NULL, 0, 0, 0),
(266, 33, 19, 9, NULL, 0, 1, 1),
(267, 33, 9, 12, NULL, 0, 2, 2),
(268, 33, 12, 39, NULL, 0, 3, 3),
(269, 33, 39, 14, NULL, 0, 4, 4),
(270, 33, 14, 19, NULL, 0, 5, 5),
(271, 33, 19, 9, NULL, 0, 6, 6),
(272, 33, 9, 12, NULL, 0, 7, 7),
(273, 33, 12, 39, NULL, 0, 8, 8),
(274, 33, 39, 14, NULL, 0, 9, 9),
(313, 38, 49, 50, NULL, 0, 0, 0),
(314, 38, 50, 49, NULL, 0, 1, 1),
(315, 38, 49, 50, NULL, 0, 2, 2),
(316, 38, 50, 49, NULL, 0, 3, 3),
(317, 38, 49, 50, NULL, 0, 4, 4),
(318, 38, 50, 49, NULL, 0, 5, 5),
(325, 40, 51, 52, NULL, 0, 0, 0),
(326, 40, 52, 53, NULL, 0, 1, 1),
(327, 40, 53, 4, NULL, 0, 2, 2),
(328, 40, 4, 27, NULL, 0, 3, 3),
(329, 40, 27, 54, NULL, 0, 4, 4),
(330, 40, 54, NULL, NULL, 0, 5, 5),
(331, 41, 55, 52, NULL, 0, 0, 0),
(332, 41, 52, 53, NULL, 0, 1, 1),
(333, 41, 53, 4, NULL, 0, 2, 2),
(334, 41, 4, 27, NULL, 0, 3, 3),
(335, 41, 27, 54, NULL, 0, 4, 4),
(336, 41, 54, NULL, NULL, 0, 5, 5),
(337, 42, 56, 52, NULL, 0, 0, 0),
(338, 42, 52, 53, NULL, 0, 1, 1),
(339, 42, 53, 4, NULL, 0, 2, 2),
(340, 42, 4, 27, NULL, 0, 3, 3),
(341, 42, 27, 54, NULL, 0, 4, 4),
(342, 42, 54, NULL, NULL, 0, 5, 5),
(343, 43, 57, 58, NULL, 0, 0, 0),
(344, 43, 58, 57, NULL, 0, 1, 1),
(345, 43, 57, 58, NULL, 0, 2, 2),
(346, 43, 58, 57, NULL, 0, 3, 3),
(347, 43, 57, 58, NULL, 0, 4, 4),
(348, 43, 58, 57, NULL, 0, 5, 5),
(349, 44, 57, 52, NULL, 0, 0, 0),
(350, 44, 52, 57, NULL, 0, 1, 1),
(351, 44, 57, 52, NULL, 0, 2, 2),
(352, 44, 52, 57, NULL, 0, 3, 3),
(353, 44, 57, 52, NULL, 0, 4, 4),
(354, 44, 52, 57, NULL, 0, 5, 5),
(355, 45, 57, 52, NULL, 0, 0, 0),
(356, 45, 52, 57, NULL, 0, 1, 1),
(357, 45, 57, 52, NULL, 0, 2, 2),
(358, 45, 52, 57, NULL, 0, 3, 3),
(359, 45, 57, 52, NULL, 0, 4, 4),
(360, 45, 52, NULL, NULL, 0, 5, 5),
(361, 46, 8, 8, NULL, 0, 0, 0),
(362, 46, 8, 16, NULL, 0, 1, 1),
(363, 46, 16, 27, 27, 0, 2, 2),
(364, 46, 27, NULL, 4, 1, 3, 3),
(365, 46, 4, NULL, 17, 1, 4, 4),
(366, 46, 17, NULL, 4, 1, 5, 5),
(367, 46, 4, NULL, 28, 1, 6, 6),
(368, 46, 28, NULL, 59, 1, 7, 7),
(369, 46, 59, NULL, NULL, 1, 8, 8),
(370, 46, 27, 8, NULL, 0, 9, 9),
(371, 47, 60, 60, NULL, 0, 0, 0),
(372, 47, 60, 60, NULL, 0, 1, 1),
(373, 47, 60, 2, NULL, 0, 2, 2),
(374, 47, 2, 4, NULL, 0, 3, 3),
(375, 47, 4, 2, NULL, 0, 4, 4),
(376, 47, 2, 60, NULL, 0, 5, 5),
(377, 48, 60, 60, NULL, 0, 0, 0),
(378, 48, 60, 60, NULL, 0, 1, 1),
(379, 48, 60, 4, NULL, 0, 2, 2),
(380, 48, 4, 4, NULL, 0, 3, 3),
(381, 48, 4, 2, NULL, 0, 4, 4),
(382, 48, 2, 60, NULL, 0, 5, 5),
(383, 49, 60, 60, NULL, 0, 0, 0),
(384, 49, 60, 60, NULL, 0, 1, 1),
(385, 49, 60, 2, NULL, 0, 2, 2),
(386, 49, 2, 2, NULL, 0, 3, 3),
(387, 49, 2, 2, NULL, 0, 4, 4),
(388, 49, 2, 60, NULL, 0, 5, 5),
(393, 51, 51, 58, NULL, 0, 0, 0),
(394, 51, 58, 51, NULL, 0, 1, 1),
(395, 51, 51, 58, NULL, 0, 2, 2),
(396, 51, 58, 51, NULL, 0, 3, 3),
(397, 51, 51, 58, NULL, 0, 4, 4),
(398, 51, 58, 51, NULL, 0, 5, 5),
(415, 56, 27, 34, NULL, 0, 0, 0),
(416, 56, 34, 52, NULL, 0, 1, 1),
(417, 56, 52, 8, NULL, 0, 2, 2),
(418, 56, 8, 52, NULL, 0, 3, 3),
(419, 56, 52, NULL, NULL, 0, 4, 4),
(420, 57, 49, 50, NULL, 0, 0, 0),
(421, 57, 50, 49, NULL, 0, 1, 1),
(422, 57, 49, 50, NULL, 0, 2, 2),
(423, 57, 50, 49, NULL, 0, 3, 3),
(437, 60, 64, 17, NULL, 0, 0, 0),
(438, 60, 17, 27, NULL, 0, 1, 1),
(439, 60, 27, 64, NULL, 0, 2, 2),
(440, 60, 64, NULL, NULL, 0, 3, 3),
(441, 61, 64, 17, NULL, 0, 0, 0),
(442, 61, 17, 4, NULL, 0, 1, 1),
(443, 61, 4, 4, NULL, 0, 2, 2),
(444, 61, 4, 17, NULL, 0, 3, 3),
(445, 61, 17, 64, NULL, 0, 4, 4),
(446, 61, 64, NULL, NULL, 0, 5, 5),
(447, 62, 15, 32, NULL, 0, 0, 0),
(448, 62, 32, 33, NULL, 0, 1, 1),
(449, 62, 33, 34, NULL, 0, 2, 2),
(450, 62, 34, 31, NULL, 0, 3, 3),
(451, 62, 31, 30, NULL, 0, 4, 4),
(452, 62, 30, 15, NULL, 0, 5, 5),
(453, 63, 15, 38, NULL, 0, 0, 0),
(454, 63, 38, 8, NULL, 0, 1, 1),
(455, 63, 8, 3, NULL, 0, 2, 2),
(456, 63, 3, 38, NULL, 0, 3, 3),
(457, 63, 38, 15, NULL, 0, 4, 4),
(458, 64, 15, 32, NULL, 0, 0, 0),
(459, 64, 32, 33, NULL, 0, 1, 1),
(460, 64, 33, 34, NULL, 0, 2, 2),
(461, 64, 34, 71, NULL, 0, 3, 3),
(462, 64, 71, 30, NULL, 0, 4, 4),
(463, 64, 30, 15, NULL, 0, 5, 5),
(468, 1, 21, 19, NULL, 0, 0, 0),
(469, 1, 19, 3, NULL, 0, 1, 1),
(470, 1, 3, 14, NULL, 0, 2, 2),
(471, 1, 14, 21, NULL, 0, 3, 3),
(472, 25, 46, 12, NULL, 0, 0, 0),
(473, 25, 12, 19, NULL, 0, 1, 1),
(474, 25, 19, 15, NULL, 0, 2, 2),
(475, 25, 15, 46, NULL, 0, 3, 3),
(476, 26, 46, 19, NULL, 0, 0, 0),
(477, 26, 19, 19, NULL, 0, 1, 1),
(478, 26, 19, 15, NULL, 0, 2, 2),
(479, 26, 15, 46, NULL, 0, 3, 3),
(480, 24, 46, 19, NULL, 0, 0, 0),
(481, 24, 19, 12, NULL, 0, 1, 1),
(482, 24, 12, 12, NULL, 0, 2, 2),
(483, 24, 12, 46, NULL, 0, 3, 3),
(484, 27, 21, 19, NULL, 0, 0, 0),
(485, 27, 19, 12, NULL, 0, 1, 1),
(486, 27, 12, 12, NULL, 0, 2, 2),
(487, 27, 12, 21, NULL, 0, 3, 3),
(488, 28, 21, 12, NULL, 0, 0, 0),
(489, 28, 12, 19, NULL, 0, 1, 1),
(490, 28, 19, 15, NULL, 0, 2, 2),
(491, 28, 15, 21, NULL, 0, 3, 3),
(492, 29, 21, 19, NULL, 0, 0, 0),
(493, 29, 19, 19, NULL, 0, 1, 1),
(494, 29, 19, 15, NULL, 0, 2, 2),
(495, 29, 15, 21, NULL, 0, 3, 3),
(500, 30, 47, 19, NULL, 0, 0, 0),
(501, 30, 19, 3, NULL, 0, 1, 1),
(502, 30, 3, 14, NULL, 0, 2, 2),
(503, 30, 14, 47, NULL, 0, 3, 3),
(508, 774, 92, 19, NULL, 0, 0, 0),
(509, 774, 19, 3, NULL, 0, 1, 1),
(510, 774, 3, 14, NULL, 0, 2, 2),
(511, 774, 14, 92, NULL, 0, 3, 3),
(528, 31, 46, 19, NULL, 0, 0, 0),
(529, 31, 19, 3, NULL, 0, 1, 1),
(530, 31, 3, 14, NULL, 0, 2, 2),
(531, 31, 14, 46, NULL, 0, 3, 3),
(532, 775, 46, 19, NULL, 0, 0, 0),
(533, 775, 19, 3, NULL, 0, 1, 1),
(534, 775, 3, 14, NULL, 0, 2, 2),
(535, 775, 14, 46, NULL, 0, 3, 3),
(544, 776, 46, 19, NULL, 0, 0, 0),
(545, 776, 19, 3, NULL, 0, 1, 1),
(546, 776, 3, 93, NULL, 0, 2, 2),
(547, 776, 93, 46, NULL, 0, 3, 3),
(560, 777, 46, 1, NULL, 0, 0, 0),
(561, 777, 1, 19, NULL, 0, 1, 1),
(562, 777, 19, 93, NULL, 0, 2, 2),
(563, 777, 93, 46, NULL, 0, 3, 3),
(584, 779, 46, 12, NULL, 0, 0, 0),
(585, 779, 12, 19, NULL, 0, 1, 1),
(586, 779, 19, 93, NULL, 0, 2, 2),
(587, 779, 93, 46, NULL, 0, 3, 3),
(592, 780, 21, 12, NULL, 0, 0, 0),
(593, 780, 12, 19, NULL, 0, 1, 1),
(594, 780, 19, 93, NULL, 0, 2, 2),
(595, 780, 93, 21, NULL, 0, 3, 3),
(600, 781, 21, 19, NULL, 0, 0, 0),
(601, 781, 19, 19, NULL, 0, 1, 1),
(602, 781, 19, 93, NULL, 0, 2, 2),
(603, 781, 93, 21, NULL, 0, 3, 3),
(604, 778, 21, 1, NULL, 0, 0, 0),
(605, 778, 1, 19, NULL, 0, 1, 1),
(606, 778, 19, 93, NULL, 0, 2, 2),
(607, 778, 93, 21, NULL, 0, 3, 3),
(620, 782, 21, 19, NULL, 0, 0, 0),
(621, 782, 19, 3, NULL, 0, 1, 1),
(622, 782, 3, 93, NULL, 0, 2, 2),
(623, 782, 93, 21, NULL, 0, 3, 3),
(632, 783, 21, 12, NULL, 0, 0, 0),
(633, 783, 12, 3, NULL, 0, 1, 1),
(634, 783, 3, 12, NULL, 0, 2, 2),
(635, 783, 12, 21, NULL, 0, 3, 3),
(656, 784, 21, 12, NULL, 0, 0, 0),
(657, 784, 12, 3, NULL, 0, 1, 1),
(658, 784, 3, 93, NULL, 0, 2, 2),
(659, 784, 93, 21, NULL, 0, 3, 3),
(668, 785, 21, 12, NULL, 0, 0, 0),
(669, 785, 12, 3, NULL, 0, 1, 1),
(670, 785, 3, 14, NULL, 0, 2, 2),
(671, 785, 14, 21, NULL, 0, 3, 3),
(676, 786, 21, 19, NULL, 0, 0, 0),
(677, 786, 19, 3, NULL, 0, 1, 1),
(678, 786, 3, 12, NULL, 0, 2, 2),
(679, 786, 12, 21, NULL, 0, 3, 3),
(692, 787, 46, 12, NULL, 0, 0, 0),
(693, 787, 12, 3, NULL, 0, 1, 1),
(694, 787, 3, 93, NULL, 0, 2, 2),
(695, 787, 93, 46, NULL, 0, 3, 3),
(704, 789, 21, 12, NULL, 0, 0, 0),
(705, 789, 12, 3, NULL, 0, 1, 1),
(706, 789, 3, 14, NULL, 0, 2, 2),
(707, 789, 14, 21, NULL, 0, 3, 3),
(716, 790, 21, 20, NULL, 0, 0, 0),
(717, 790, 20, 3, NULL, 0, 1, 1),
(718, 790, 3, 14, NULL, 0, 2, 2),
(719, 790, 14, 21, NULL, 0, 3, 3),
(728, 791, 46, 12, NULL, 0, 0, 0),
(729, 791, 12, 3, NULL, 0, 1, 1),
(730, 791, 3, 94, NULL, 0, 2, 2),
(731, 791, 94, 46, NULL, 0, 3, 3),
(744, 792, 21, 1, NULL, 0, 0, 0),
(745, 792, 1, 3, NULL, 0, 1, 1),
(746, 792, 3, 94, NULL, 0, 2, 2),
(747, 792, 94, 21, NULL, 0, 3, 3),
(752, 793, 46, 1, NULL, 0, 0, 0),
(753, 793, 1, 3, NULL, 0, 1, 1),
(754, 793, 3, 94, NULL, 0, 2, 2),
(755, 793, 94, 46, NULL, 0, 3, 3),
(756, 39, 49, 50, NULL, 0, 0, 0),
(757, 39, 50, 49, NULL, 0, 1, 1),
(758, 39, 49, 50, NULL, 0, 2, 2),
(759, 39, 50, 49, NULL, 0, 3, 3),
(760, 39, 49, 50, NULL, 0, 4, 4),
(761, 39, 50, NULL, NULL, 0, 5, 5),
(823, 32, 12, 2, NULL, 0, 1, 0),
(824, 32, 2, 3, NULL, 0, 2, 1),
(825, 32, 3, 14, NULL, 0, 3, 2),
(826, 32, 14, 3, NULL, 0, 4, 3),
(827, 32, 3, 12, NULL, 0, 5, 4),
(828, 32, 12, 12, NULL, 0, 6, 5),
(829, 32, 12, 12, NULL, 0, 7, 6),
(830, 32, 12, 1, NULL, 0, 8, 7),
(831, 32, 1, 14, NULL, 0, 9, 8),
(832, 32, 14, 1, NULL, 0, 10, 9),
(833, 32, 1, 14, NULL, 0, 11, 10),
(834, 32, 14, 1, NULL, 0, 12, 11),
(835, 32, 1, 14, NULL, 0, 13, 12),
(836, 32, 14, 1, NULL, 0, 14, 13),
(837, 32, 1, NULL, NULL, 0, 15, 14),
(838, 3, 12, 2, NULL, 0, 1, 0),
(839, 3, 2, 3, NULL, 0, 2, 1),
(840, 3, 3, 14, NULL, 0, 3, 2),
(841, 3, 14, 3, NULL, 0, 4, 3),
(842, 3, 3, 12, NULL, 0, 5, 4),
(843, 3, 12, 12, NULL, 0, 6, 5),
(844, 3, 12, 12, NULL, 0, 7, 6),
(845, 3, 12, 1, NULL, 0, 8, 7),
(846, 3, 1, 14, NULL, 0, 9, 8),
(847, 3, 14, 20, NULL, 0, 10, 9),
(848, 3, 20, 14, NULL, 0, 11, 10),
(849, 3, 14, 1, NULL, 0, 12, 11),
(850, 3, 1, 14, NULL, 0, 13, 12),
(851, 3, 14, 1, NULL, 0, 14, 13),
(852, 3, 1, NULL, NULL, 0, 15, 14),
(868, 796, 12, 2, NULL, 0, 0, 0),
(869, 796, 2, 3, NULL, 0, 1, 1),
(870, 796, 3, 14, NULL, 0, 2, 2),
(871, 796, 14, 3, NULL, 0, 3, 3),
(872, 796, 3, 12, NULL, 0, 4, 4),
(873, 796, 12, 12, NULL, 0, 5, 5),
(874, 796, 12, 12, NULL, 0, 6, 6),
(875, 796, 12, 1, NULL, 0, 7, 7),
(876, 796, 1, 14, NULL, 0, 8, 8),
(877, 796, 14, 19, NULL, 0, 9, 9),
(878, 796, 19, 14, NULL, 0, 10, 10),
(879, 796, 14, 1, NULL, 0, 11, 11),
(880, 796, 1, 14, NULL, 0, 12, 12),
(881, 796, 14, 1, NULL, 0, 13, 13),
(882, 796, 1, NULL, NULL, 0, 14, 14),
(893, 797, 57, 52, NULL, 0, 0, 0),
(894, 797, 52, 57, NULL, 0, 1, 1),
(895, 797, 57, 52, NULL, 0, 2, 2),
(896, 797, 52, NULL, NULL, 0, 3, 3),
(909, 798, 57, 58, NULL, 0, 0, 0),
(910, 798, 58, 57, NULL, 0, 1, 1),
(911, 798, 57, 58, NULL, 0, 2, 2),
(912, 798, 58, 57, NULL, 0, 3, 3),
(913, 798, 57, 58, NULL, 0, 4, 4),
(914, 798, 58, NULL, NULL, 0, 5, 5),
(1085, 802, 8, 8, NULL, 0, 0, 0),
(1086, 802, 8, 16, NULL, 0, 1, 1),
(1087, 802, 16, 27, 27, 0, 2, 2),
(1088, 802, 27, NULL, 4, 1, 3, 3),
(1089, 802, 4, NULL, 17, 1, 4, 4),
(1090, 802, 17, NULL, 4, 1, 5, 5),
(1091, 802, 4, NULL, 28, 1, 6, 6),
(1092, 802, 28, NULL, 96, 1, 7, 7),
(1093, 802, 96, NULL, NULL, 1, 8, 8),
(1094, 802, 27, 8, NULL, 0, 9, 9),
(1095, 20, 39, 19, 26, 0, 0, 0),
(1096, 20, 26, NULL, NULL, 1, 1, 1),
(1097, 20, 19, 9, NULL, 0, 2, 2),
(1098, 20, 9, 15, NULL, 0, 3, 3),
(1099, 20, 15, 12, NULL, 0, 4, 4),
(1100, 20, 12, 39, NULL, 0, 5, 5),
(1101, 21, 15, 15, NULL, 0, 0, 0),
(1102, 21, 15, 39, NULL, 0, 1, 1),
(1103, 21, 39, 19, 40, 0, 2, 2),
(1104, 21, 40, NULL, NULL, 1, 3, 3),
(1105, 21, 19, 9, NULL, 0, 4, 4),
(1106, 21, 9, 15, NULL, 0, 5, 5),
(1107, 22, 15, 39, NULL, 0, 0, 0),
(1108, 22, 39, 19, 41, 0, 1, 1),
(1109, 22, 41, NULL, NULL, 1, 2, 2),
(1110, 22, 19, 9, NULL, 0, 3, 3),
(1111, 22, 9, 15, NULL, 0, 4, 4),
(1112, 22, 15, 15, NULL, 0, 5, 5),
(1113, 23, 15, 12, NULL, 0, 0, 0),
(1114, 23, 12, 39, NULL, 0, 1, 1),
(1115, 23, 39, 19, 41, 0, 2, 2),
(1116, 23, 41, NULL, NULL, 1, 3, 3),
(1117, 23, 19, 9, NULL, 0, 4, 4),
(1118, 23, 9, 15, NULL, 0, 5, 5),
(1144, 803, 97, 60, NULL, 0, 0, 0),
(1145, 803, 60, 60, NULL, 0, 1, 1),
(1146, 803, 60, 4, NULL, 0, 2, 2),
(1147, 803, 4, 60, NULL, 0, 3, 3),
(1148, 803, 60, NULL, NULL, 0, 4, 4),
(1154, 59, 98, 60, NULL, 0, 0, 0),
(1155, 59, 60, 60, NULL, 0, 1, 1),
(1156, 59, 60, 4, NULL, 0, 2, 2),
(1157, 59, 4, 60, NULL, 0, 3, 3),
(1158, 59, 60, NULL, NULL, 0, 4, 4),
(1159, 804, 99, 60, NULL, 0, 0, 0),
(1160, 804, 60, 60, NULL, 0, 1, 1),
(1161, 804, 60, 4, NULL, 0, 2, 2),
(1162, 804, 4, 60, NULL, 0, 3, 3),
(1163, 804, 60, NULL, NULL, 0, 4, 4),
(1164, 805, 100, 60, NULL, 0, 0, 0),
(1165, 805, 60, 60, NULL, 0, 1, 1),
(1166, 805, 60, 4, NULL, 0, 2, 2),
(1167, 805, 4, 60, NULL, 0, 3, 3),
(1168, 805, 60, NULL, NULL, 0, 4, 4),
(1174, 806, 101, 60, NULL, 0, 0, 0),
(1175, 806, 60, 60, NULL, 0, 1, 1),
(1176, 806, 60, 4, NULL, 0, 2, 2),
(1177, 806, 4, 60, NULL, 0, 3, 3),
(1178, 806, 60, NULL, NULL, 0, 4, 4),
(1184, 807, 102, 60, NULL, 0, 0, 0),
(1185, 807, 60, 60, NULL, 0, 1, 1),
(1186, 807, 60, 4, NULL, 0, 2, 2),
(1187, 807, 4, 60, NULL, 0, 3, 3),
(1188, 807, 60, NULL, NULL, 0, 4, 4),
(1189, 799, 15, 2, NULL, 0, 0, 0),
(1190, 799, 2, 3, NULL, 0, 1, 1),
(1191, 799, 3, 14, NULL, 0, 2, 2),
(1192, 799, 14, 3, NULL, 0, 3, 3),
(1193, 799, 3, 12, NULL, 0, 4, 4),
(1194, 799, 12, 12, NULL, 0, 5, 5),
(1195, 799, 12, 12, NULL, 0, 6, 6),
(1196, 799, 12, 1, NULL, 0, 7, 7),
(1197, 799, 1, 14, NULL, 0, 8, 8),
(1198, 799, 14, 1, NULL, 0, 9, 9),
(1199, 799, 1, 14, NULL, 0, 10, 10),
(1200, 799, 14, 1, NULL, 0, 11, 11),
(1201, 799, 1, 14, NULL, 0, 12, 12),
(1202, 799, 14, 1, NULL, 0, 13, 13),
(1203, 799, 1, NULL, NULL, 0, 14, 14),
(1204, 800, 15, 2, NULL, 0, 0, 0),
(1205, 800, 2, 3, NULL, 0, 1, 1),
(1206, 800, 3, 14, NULL, 0, 2, 2),
(1207, 800, 14, 3, NULL, 0, 3, 3),
(1208, 800, 3, 12, NULL, 0, 4, 4),
(1209, 800, 12, 12, NULL, 0, 5, 5),
(1210, 800, 12, 12, NULL, 0, 6, 6),
(1211, 800, 12, 1, NULL, 0, 7, 7),
(1212, 800, 1, 14, NULL, 0, 8, 8),
(1213, 800, 14, 19, NULL, 0, 9, 9),
(1214, 800, 19, 14, NULL, 0, 10, 10),
(1215, 800, 14, 1, NULL, 0, 11, 11),
(1216, 800, 1, 14, NULL, 0, 12, 12),
(1217, 800, 14, 1, NULL, 0, 13, 13),
(1218, 800, 1, NULL, NULL, 0, 14, 14),
(1219, 801, 15, 2, NULL, 0, 0, 0),
(1220, 801, 2, 3, NULL, 0, 1, 1),
(1221, 801, 3, 14, NULL, 0, 2, 2),
(1222, 801, 14, 3, NULL, 0, 3, 3),
(1223, 801, 3, 12, NULL, 0, 4, 4),
(1224, 801, 12, 12, NULL, 0, 5, 5),
(1225, 801, 12, 12, NULL, 0, 6, 6),
(1226, 801, 12, 1, NULL, 0, 7, 7),
(1227, 801, 1, 14, NULL, 0, 8, 8),
(1228, 801, 14, 20, NULL, 0, 9, 9),
(1229, 801, 20, 14, NULL, 0, 10, 10),
(1230, 801, 14, 1, NULL, 0, 11, 11),
(1231, 801, 1, 14, NULL, 0, 12, 12),
(1232, 801, 14, 1, NULL, 0, 13, 13),
(1233, 801, 1, NULL, NULL, 0, 14, 14),
(1239, 808, 103, 60, NULL, 0, 0, 0),
(1240, 808, 60, 60, NULL, 0, 1, 1),
(1241, 808, 60, 4, NULL, 0, 2, 2),
(1242, 808, 4, 60, NULL, 0, 3, 3),
(1243, 808, 60, NULL, NULL, 0, 4, 4),
(1249, 809, 104, 60, NULL, 0, 0, 0),
(1250, 809, 60, 60, NULL, 0, 1, 1),
(1251, 809, 60, 4, NULL, 0, 2, 2),
(1252, 809, 4, 60, NULL, 0, 3, 3),
(1253, 809, 60, NULL, NULL, 0, 4, 4),
(1269, 811, 106, 60, NULL, 0, 0, 0),
(1270, 811, 60, 60, NULL, 0, 1, 1),
(1271, 811, 60, 4, NULL, 0, 2, 2),
(1272, 811, 4, 60, NULL, 0, 3, 3),
(1273, 811, 60, NULL, NULL, 0, 4, 4),
(1279, 812, 107, 60, NULL, 0, 0, 0),
(1280, 812, 60, 60, NULL, 0, 1, 1),
(1281, 812, 60, 4, NULL, 0, 2, 2),
(1282, 812, 4, 60, NULL, 0, 3, 3),
(1283, 812, 60, NULL, NULL, 0, 4, 4),
(1284, 58, 108, 53, NULL, 0, 0, 0),
(1285, 58, 53, 4, NULL, 0, 1, 1),
(1286, 58, 4, 4, NULL, 0, 2, 2),
(1287, 58, 4, 11, NULL, 0, 3, 3),
(1288, 58, 11, 60, NULL, 0, 4, 4),
(1289, 58, 60, 4, NULL, 0, 5, 5),
(1290, 58, 4, 60, NULL, 0, 6, 6),
(1291, 58, 60, NULL, NULL, 0, 7, 7),
(1292, 813, 99, 53, NULL, 0, 0, 0),
(1293, 813, 53, 4, NULL, 0, 1, 1),
(1294, 813, 4, 4, NULL, 0, 2, 2),
(1295, 813, 4, 11, NULL, 0, 3, 3),
(1296, 813, 11, 60, NULL, 0, 4, 4),
(1297, 813, 60, 4, NULL, 0, 5, 5),
(1298, 813, 4, 60, NULL, 0, 6, 6),
(1299, 813, 60, NULL, NULL, 0, 7, 7),
(1300, 814, 100, 53, NULL, 0, 0, 0),
(1301, 814, 53, 4, NULL, 0, 1, 1),
(1302, 814, 4, 4, NULL, 0, 2, 2),
(1303, 814, 4, 11, NULL, 0, 3, 3),
(1304, 814, 11, 60, NULL, 0, 4, 4),
(1305, 814, 60, 4, NULL, 0, 5, 5),
(1306, 814, 4, 60, NULL, 0, 6, 6),
(1307, 814, 60, NULL, NULL, 0, 7, 7),
(1308, 815, 101, 53, NULL, 0, 0, 0),
(1309, 815, 53, 4, NULL, 0, 1, 1),
(1310, 815, 4, 4, NULL, 0, 2, 2),
(1311, 815, 4, 11, NULL, 0, 3, 3),
(1312, 815, 11, 60, NULL, 0, 4, 4),
(1313, 815, 60, 4, NULL, 0, 5, 5),
(1314, 815, 4, 60, NULL, 0, 6, 6),
(1315, 815, 60, NULL, NULL, 0, 7, 7),
(1316, 816, 109, 53, NULL, 0, 0, 0),
(1317, 816, 53, 4, NULL, 0, 1, 1),
(1318, 816, 4, 4, NULL, 0, 2, 2),
(1319, 816, 4, 11, NULL, 0, 3, 3),
(1320, 816, 11, 60, NULL, 0, 4, 4),
(1321, 816, 60, 4, NULL, 0, 5, 5),
(1322, 816, 4, 60, NULL, 0, 6, 6),
(1323, 816, 60, NULL, NULL, 0, 7, 7),
(1324, 817, 110, 53, NULL, 0, 0, 0),
(1325, 817, 53, 4, NULL, 0, 1, 1),
(1326, 817, 4, 4, NULL, 0, 2, 2),
(1327, 817, 4, 11, NULL, 0, 3, 3),
(1328, 817, 11, 60, NULL, 0, 4, 4),
(1329, 817, 60, 4, NULL, 0, 5, 5),
(1330, 817, 4, 60, NULL, 0, 6, 6),
(1331, 817, 60, NULL, NULL, 0, 7, 7),
(1332, 818, 60, 60, NULL, 0, 0, 0),
(1333, 818, 60, 60, NULL, 0, 1, 1),
(1334, 818, 60, 2, NULL, 0, 2, 2),
(1335, 818, 2, 3, NULL, 0, 3, 3),
(1336, 818, 3, 2, NULL, 0, 4, 4),
(1337, 818, 2, 60, NULL, 0, 5, 5),
(1338, 54, 112, 50, NULL, 0, 0, 0),
(1339, 54, 50, 112, NULL, 0, 1, 1),
(1340, 54, 112, 50, NULL, 0, 2, 2),
(1341, 54, 50, 112, NULL, 0, 3, 3),
(1342, 52, 64, 114, NULL, 0, 0, 0),
(1343, 52, 114, 8, NULL, 0, 1, 1),
(1344, 52, 8, 64, NULL, 0, 2, 2),
(1345, 52, 64, NULL, NULL, 0, 3, 3),
(1346, 53, 64, 114, NULL, 0, 0, 0),
(1347, 53, 114, 8, NULL, 0, 1, 1),
(1348, 53, 8, 64, NULL, 0, 2, 2),
(1349, 53, 64, NULL, NULL, 0, 3, 3),
(1350, 37, 49, 50, NULL, 0, 0, 0),
(1351, 37, 50, 49, NULL, 0, 1, 1),
(1352, 37, 49, 50, NULL, 0, 2, 2),
(1353, 37, 50, 49, NULL, 0, 3, 3),
(1354, 37, 49, NULL, NULL, 0, 4, 4),
(1370, 819, 49, 50, NULL, 0, 0, 0),
(1371, 819, 50, 49, NULL, 0, 1, 1),
(1372, 819, 49, 50, NULL, 0, 2, 2),
(1373, 819, 50, 112, NULL, 0, 3, 3),
(1374, 819, 112, NULL, NULL, 0, 4, 4),
(1380, 820, 49, 50, NULL, 0, 0, 0),
(1381, 820, 50, 112, NULL, 0, 1, 1),
(1382, 820, 112, 50, NULL, 0, 2, 2),
(1383, 820, 50, 49, NULL, 0, 3, 3),
(1384, 820, 49, NULL, NULL, 0, 4, 4),
(1390, 821, 49, 50, NULL, 0, 0, 0),
(1391, 821, 50, 112, NULL, 0, 1, 1),
(1392, 821, 112, 50, NULL, 0, 2, 2),
(1393, 821, 50, 112, NULL, 0, 3, 3),
(1394, 821, 112, NULL, NULL, 0, 4, 4),
(1400, 822, 49, 50, NULL, 0, 0, 0),
(1401, 822, 50, 49, NULL, 0, 1, 1),
(1402, 822, 49, 50, NULL, 0, 2, 2),
(1403, 822, 50, 49, NULL, 0, 3, 3),
(1404, 822, 49, NULL, NULL, 0, 4, 4),
(1411, 823, 49, 50, NULL, 0, 0, 0),
(1412, 823, 50, 49, NULL, 0, 1, 1),
(1413, 823, 49, 50, NULL, 0, 2, 2),
(1414, 823, 50, 112, NULL, 0, 3, 3),
(1415, 823, 112, 50, NULL, 0, 4, 4),
(1416, 823, 50, 49, NULL, 0, 5, 5),
(1423, 824, 49, 50, NULL, 0, 0, 0),
(1424, 824, 50, 49, NULL, 0, 1, 1),
(1425, 824, 49, 50, NULL, 0, 2, 2),
(1426, 824, 50, 112, NULL, 0, 3, 3),
(1427, 824, 112, 50, NULL, 0, 4, 4),
(1428, 824, 50, NULL, NULL, 0, 5, 5),
(1435, 825, 49, 50, NULL, 0, 0, 0),
(1436, 825, 50, 112, NULL, 0, 1, 1),
(1437, 825, 112, 50, NULL, 0, 2, 2),
(1438, 825, 50, 49, NULL, 0, 3, 3),
(1439, 825, 49, 50, NULL, 0, 4, 4),
(1440, 825, 50, NULL, NULL, 0, 5, 5),
(1447, 826, 112, 50, NULL, 0, 0, 0),
(1448, 826, 50, 49, NULL, 0, 1, 1),
(1449, 826, 49, 50, NULL, 0, 2, 2),
(1450, 826, 50, 49, NULL, 0, 3, 3),
(1451, 826, 49, 50, NULL, 0, 4, 4),
(1452, 826, 50, NULL, NULL, 0, 5, 5),
(1453, 827, 50, 49, NULL, 0, 0, 0),
(1454, 827, 49, 50, NULL, 0, 1, 1),
(1455, 827, 50, 49, NULL, 0, 2, 2),
(1456, 827, 49, NULL, NULL, 0, 3, 3),
(1462, 829, 111, 50, NULL, 0, 0, 0),
(1463, 829, 50, 49, NULL, 0, 1, 1),
(1464, 829, 49, 50, NULL, 0, 2, 2),
(1465, 829, 50, 49, NULL, 0, 3, 3),
(1466, 829, 49, NULL, NULL, 0, 4, 4),
(1473, 831, 112, 50, NULL, 0, 0, 0),
(1474, 831, 50, 112, NULL, 0, 1, 1),
(1475, 831, 112, 50, NULL, 0, 2, 2),
(1476, 831, 50, 112, NULL, 0, 3, 3),
(1477, 831, 112, 50, NULL, 0, 4, 4),
(1478, 831, 50, 112, NULL, 0, 5, 5),
(1479, 832, 49, 50, NULL, 0, 0, 0),
(1480, 832, 50, 49, NULL, 0, 1, 1),
(1481, 832, 49, 50, NULL, 0, 2, 2),
(1482, 832, 50, 111, NULL, 0, 3, 3),
(1483, 832, 111, 50, NULL, 0, 4, 4),
(1484, 832, 50, 49, NULL, 0, 5, 5),
(1485, 830, 112, 50, NULL, 0, 0, 0),
(1486, 830, 50, 112, NULL, 0, 1, 1),
(1487, 830, 112, 50, NULL, 0, 2, 2),
(1488, 830, 50, 49, NULL, 0, 3, 3),
(1489, 830, 49, 50, NULL, 0, 4, 4),
(1490, 830, 50, 112, NULL, 0, 5, 5),
(1491, 833, 49, 50, NULL, 0, 0, 0),
(1492, 833, 50, 111, NULL, 0, 1, 1),
(1493, 833, 111, 50, NULL, 0, 2, 2),
(1494, 833, 50, 111, NULL, 0, 3, 3),
(1495, 833, 111, 50, NULL, 0, 4, 4),
(1496, 833, 50, 49, NULL, 0, 5, 5),
(1503, 834, 49, 50, NULL, 0, 0, 0),
(1504, 834, 50, 49, NULL, 0, 1, 1),
(1505, 834, 49, 50, NULL, 0, 2, 2),
(1506, 834, 50, 49, NULL, 0, 3, 3),
(1507, 834, 49, 50, NULL, 0, 4, 4),
(1508, 834, 50, 49, NULL, 0, 5, 5),
(1509, 834, 49, 50, NULL, 0, 6, 6),
(1510, 834, 50, 49, NULL, 0, 7, 7),
(1519, 835, 112, 50, NULL, 0, 0, 0),
(1520, 835, 50, 49, NULL, 0, 1, 1),
(1521, 835, 49, 50, NULL, 0, 2, 2),
(1522, 835, 50, 49, NULL, 0, 3, 3),
(1523, 835, 49, 50, NULL, 0, 4, 4),
(1524, 835, 50, 49, NULL, 0, 5, 5),
(1525, 835, 49, 50, NULL, 0, 6, 6),
(1526, 835, 50, 112, NULL, 0, 7, 7),
(1535, 836, 113, 50, NULL, 0, 0, 0),
(1536, 836, 50, 49, NULL, 0, 1, 1),
(1537, 836, 49, 50, NULL, 0, 2, 2),
(1538, 836, 50, 49, NULL, 0, 3, 3),
(1539, 836, 49, 50, NULL, 0, 4, 4),
(1540, 836, 50, 49, NULL, 0, 5, 5),
(1541, 836, 49, 50, NULL, 0, 6, 6),
(1542, 836, 50, 113, NULL, 0, 7, 7),
(1551, 837, 112, 50, NULL, 0, 0, 0),
(1552, 837, 50, 112, NULL, 0, 1, 1),
(1553, 837, 112, 50, NULL, 0, 2, 2),
(1554, 837, 50, 49, NULL, 0, 3, 3),
(1555, 837, 49, 50, NULL, 0, 4, 4),
(1556, 837, 50, 49, NULL, 0, 5, 5),
(1557, 837, 49, 50, NULL, 0, 6, 6),
(1558, 837, 50, 112, NULL, 0, 7, 7),
(1567, 838, 113, 50, NULL, 0, 0, 0),
(1568, 838, 50, 113, NULL, 0, 1, 1),
(1569, 838, 113, 50, NULL, 0, 2, 2),
(1570, 838, 50, 113, NULL, 0, 3, 3),
(1571, 838, 113, 50, NULL, 0, 4, 4),
(1572, 838, 50, 49, NULL, 0, 5, 5),
(1573, 838, 49, 50, NULL, 0, 6, 6),
(1574, 838, 50, 113, NULL, 0, 7, 7),
(1581, 839, 15, 32, NULL, 0, 0, 0),
(1582, 839, 32, 33, NULL, 0, 1, 1),
(1583, 839, 33, 34, NULL, 0, 2, 2),
(1584, 839, 34, 31, NULL, 0, 3, 3),
(1585, 839, 31, 9, NULL, 0, 4, 4),
(1586, 839, 9, 15, NULL, 0, 5, 5),
(1593, 840, 15, 32, NULL, 0, 0, 0),
(1594, 840, 32, 33, NULL, 0, 1, 1),
(1595, 840, 33, 34, NULL, 0, 2, 2),
(1596, 840, 34, 71, NULL, 0, 3, 3),
(1597, 840, 71, 9, NULL, 0, 4, 4),
(1598, 840, 9, 15, NULL, 0, 5, 5),
(1605, 842, 15, 115, NULL, 0, 0, 0),
(1606, 842, 115, 33, NULL, 0, 1, 1),
(1607, 842, 33, 34, NULL, 0, 2, 2),
(1608, 842, 34, 31, NULL, 0, 3, 3),
(1609, 842, 31, 30, NULL, 0, 4, 4),
(1610, 842, 30, 15, NULL, 0, 5, 5),
(1611, 843, 15, 12, NULL, 0, 0, 0),
(1612, 843, 12, 33, NULL, 0, 1, 1),
(1613, 843, 33, 34, NULL, 0, 2, 2),
(1614, 843, 34, 31, NULL, 0, 3, 3),
(1615, 843, 31, 30, NULL, 0, 4, 4),
(1616, 843, 30, 15, NULL, 0, 5, 5),
(1629, 844, 15, 115, NULL, 0, 0, 0),
(1630, 844, 115, 33, NULL, 0, 1, 1),
(1631, 844, 33, 34, NULL, 0, 2, 2),
(1632, 844, 34, 71, NULL, 0, 3, 3),
(1633, 844, 71, 30, NULL, 0, 4, 4),
(1634, 844, 30, 15, NULL, 0, 5, 5),
(1641, 845, 15, 32, NULL, 0, 0, 0),
(1642, 845, 32, 33, NULL, 0, 1, 1),
(1643, 845, 33, 34, NULL, 0, 2, 2),
(1644, 845, 34, 116, NULL, 0, 3, 3),
(1645, 845, 116, 30, NULL, 0, 4, 4),
(1646, 845, 30, 15, NULL, 0, 5, 5),
(1647, 2, 3, 25, NULL, 0, 0, 0),
(1648, 2, 25, 25, NULL, 0, 1, 1),
(1649, 2, 25, 32, NULL, 0, 2, 2),
(1650, 2, 32, 22, NULL, 0, 3, 3),
(1651, 2, 22, 23, NULL, 0, 4, 4),
(1652, 2, 23, 24, NULL, 0, 5, 5),
(1653, 2, 24, 25, NULL, 0, 6, 6),
(1654, 2, 25, 12, NULL, 0, 7, 7),
(1655, 2, 12, 25, NULL, 0, 8, 8),
(1656, 2, 25, 3, NULL, 0, 9, 9),
(1657, 2, 3, 3, NULL, 0, 10, 10),
(1669, 11, 3, 25, NULL, 0, 0, 0),
(1670, 11, 25, 25, NULL, 0, 1, 1),
(1671, 11, 25, 32, NULL, 0, 2, 2),
(1672, 11, 32, 22, NULL, 0, 3, 3),
(1673, 11, 22, 3, NULL, 0, 4, 4),
(1674, 11, 3, 24, NULL, 0, 5, 5),
(1675, 11, 24, 25, NULL, 0, 6, 6),
(1676, 11, 25, 12, NULL, 0, 7, 7),
(1677, 11, 12, 25, NULL, 0, 8, 8),
(1678, 11, 25, 3, NULL, 0, 9, 9),
(1679, 11, 3, 3, NULL, 0, 10, 10),
(1691, 12, 3, 25, NULL, 0, 0, 0),
(1692, 12, 25, 25, NULL, 0, 1, 1),
(1693, 12, 25, 32, NULL, 0, 2, 2),
(1694, 12, 32, 22, NULL, 0, 3, 3),
(1695, 12, 22, 8, NULL, 0, 4, 4),
(1696, 12, 8, 24, NULL, 0, 5, 5),
(1697, 12, 24, 25, NULL, 0, 6, 6),
(1698, 12, 25, 12, NULL, 0, 7, 7),
(1699, 12, 12, 25, NULL, 0, 8, 8),
(1700, 12, 25, 3, NULL, 0, 9, 9),
(1701, 12, 3, 3, NULL, 0, 10, 10),
(1713, 13, 3, 25, NULL, 0, 0, 0),
(1714, 13, 25, 25, NULL, 0, 1, 1),
(1715, 13, 25, 32, NULL, 0, 2, 2),
(1716, 13, 32, 22, NULL, 0, 3, 3),
(1717, 13, 22, 12, NULL, 0, 4, 4),
(1718, 13, 12, 24, NULL, 0, 5, 5),
(1719, 13, 24, 25, NULL, 0, 6, 6),
(1720, 13, 25, 12, NULL, 0, 7, 7),
(1721, 13, 12, 25, NULL, 0, 8, 8),
(1722, 13, 25, 3, NULL, 0, 9, 9),
(1723, 13, 3, 3, NULL, 0, 10, 10),
(1724, 34, 3, 25, NULL, 0, 0, 0),
(1725, 34, 25, 25, NULL, 0, 1, 1),
(1726, 34, 25, 32, NULL, 0, 2, 2),
(1727, 34, 32, 25, NULL, 0, 3, 3),
(1728, 34, 25, 23, NULL, 0, 4, 4),
(1729, 34, 23, 24, NULL, 0, 5, 5),
(1730, 34, 24, 25, NULL, 0, 6, 6),
(1731, 34, 25, 12, NULL, 0, 7, 7),
(1732, 34, 12, 25, NULL, 0, 8, 8),
(1733, 34, 25, 3, NULL, 0, 9, 9),
(1734, 34, 3, 3, NULL, 0, 10, 10),
(1735, 35, 3, 25, NULL, 0, 0, 0),
(1736, 35, 25, 14, NULL, 0, 1, 1),
(1737, 35, 14, 32, NULL, 0, 2, 2),
(1738, 35, 32, 22, NULL, 0, 3, 3),
(1739, 35, 22, 23, NULL, 0, 4, 4),
(1740, 35, 23, 24, NULL, 0, 5, 5),
(1741, 35, 24, 25, NULL, 0, 6, 6),
(1742, 35, 25, 12, NULL, 0, 7, 7),
(1743, 35, 12, 25, NULL, 0, 8, 8),
(1744, 35, 25, 3, NULL, 0, 9, 9),
(1745, 35, 3, 3, NULL, 0, 10, 10),
(1757, 14, 3, 25, NULL, 0, 0, 0),
(1758, 14, 25, 25, NULL, 0, 1, 1),
(1759, 14, 25, 12, NULL, 0, 2, 2),
(1760, 14, 12, 22, NULL, 0, 3, 3),
(1761, 14, 22, 23, NULL, 0, 4, 4),
(1762, 14, 23, 24, NULL, 0, 5, 5),
(1763, 14, 24, 25, NULL, 0, 6, 6),
(1764, 14, 25, 12, NULL, 0, 7, 7),
(1765, 14, 12, 25, NULL, 0, 8, 8),
(1766, 14, 25, 3, NULL, 0, 9, 9),
(1767, 14, 3, 3, NULL, 0, 10, 10),
(1779, 36, 3, 25, NULL, 0, 0, 0),
(1780, 36, 25, 25, NULL, 0, 1, 1),
(1781, 36, 25, 32, NULL, 0, 2, 2),
(1782, 36, 32, 22, NULL, 0, 3, 3),
(1783, 36, 22, 23, NULL, 0, 4, 4),
(1784, 36, 23, 24, NULL, 0, 5, 5),
(1785, 36, 24, 25, NULL, 0, 6, 6),
(1786, 36, 25, 12, NULL, 0, 7, 7),
(1787, 36, 12, 14, NULL, 0, 8, 8),
(1788, 36, 14, 3, NULL, 0, 9, 9),
(1789, 36, 3, 3, NULL, 0, 10, 10),
(1790, 19, 3, 25, NULL, 0, 0, 0),
(1791, 19, 25, 25, NULL, 0, 1, 1),
(1792, 19, 25, 32, NULL, 0, 2, 2),
(1793, 19, 32, 45, NULL, 0, 3, 3),
(1794, 19, 45, 23, NULL, 0, 4, 4),
(1795, 19, 23, 24, NULL, 0, 5, 5),
(1796, 19, 24, 25, NULL, 0, 6, 6),
(1797, 19, 25, 12, NULL, 0, 7, 7),
(1798, 19, 12, 25, NULL, 0, 8, 8),
(1799, 19, 25, 3, NULL, 0, 9, 9),
(1800, 19, 3, 3, NULL, 0, 10, 10),
(1801, 15, 3, 25, NULL, 0, 0, 0),
(1802, 15, 25, 25, NULL, 0, 1, 1),
(1803, 15, 25, 32, NULL, 0, 2, 2),
(1804, 15, 32, 44, NULL, 0, 3, 3),
(1805, 15, 44, 23, NULL, 0, 4, 4),
(1806, 15, 23, 24, NULL, 0, 5, 5),
(1807, 15, 24, 25, NULL, 0, 6, 6),
(1808, 15, 25, 12, NULL, 0, 7, 7),
(1809, 15, 12, 25, NULL, 0, 8, 8),
(1810, 15, 25, 3, NULL, 0, 9, 9),
(1811, 15, 3, 3, NULL, 0, 10, 10),
(1823, 16, 3, 25, NULL, 0, 0, 0),
(1824, 16, 25, 25, NULL, 0, 1, 1),
(1825, 16, 25, 32, NULL, 0, 2, 2),
(1826, 16, 32, 22, NULL, 0, 3, 3),
(1827, 16, 22, 43, NULL, 0, 4, 4),
(1828, 16, 43, 24, NULL, 0, 5, 5),
(1829, 16, 24, 25, NULL, 0, 6, 6),
(1830, 16, 25, 12, NULL, 0, 7, 7),
(1831, 16, 12, 25, NULL, 0, 8, 8),
(1832, 16, 25, 3, NULL, 0, 9, 9),
(1833, 16, 3, 3, NULL, 0, 10, 10),
(1845, 17, 3, 25, NULL, 0, 0, 0),
(1846, 17, 25, 25, NULL, 0, 1, 1),
(1847, 17, 25, 32, NULL, 0, 2, 2),
(1848, 17, 32, 22, NULL, 0, 3, 3),
(1849, 17, 22, 23, NULL, 0, 4, 4),
(1850, 17, 23, 24, NULL, 0, 5, 5),
(1851, 17, 24, 25, NULL, 0, 6, 6),
(1852, 17, 25, 12, NULL, 0, 7, 7),
(1853, 17, 12, 25, NULL, 0, 8, 8),
(1854, 17, 25, 3, NULL, 0, 9, 9),
(1855, 17, 3, 3, NULL, 0, 10, 10),
(1856, 18, 3, 25, NULL, 0, 0, 0),
(1857, 18, 25, 14, NULL, 0, 1, 1),
(1858, 18, 14, 32, NULL, 0, 2, 2),
(1859, 18, 32, 22, NULL, 0, 3, 3),
(1860, 18, 22, 12, NULL, 0, 4, 4),
(1861, 18, 12, 24, NULL, 0, 5, 5),
(1862, 18, 24, 25, NULL, 0, 6, 6),
(1863, 18, 25, 12, NULL, 0, 7, 7),
(1864, 18, 12, 25, NULL, 0, 8, 8),
(1865, 18, 25, 3, NULL, 0, 9, 9),
(1866, 18, 3, 3, NULL, 0, 10, 10),
(1878, 846, 3, 25, NULL, 0, 0, 0),
(1879, 846, 25, 25, NULL, 0, 1, 1),
(1880, 846, 25, 32, NULL, 0, 2, 2),
(1881, 846, 32, 44, NULL, 0, 3, 3),
(1882, 846, 44, 12, NULL, 0, 4, 4),
(1883, 846, 12, 24, NULL, 0, 5, 5),
(1884, 846, 24, 25, NULL, 0, 6, 6),
(1885, 846, 25, 12, NULL, 0, 7, 7),
(1886, 846, 12, 25, NULL, 0, 8, 8),
(1887, 846, 25, 3, NULL, 0, 9, 9),
(1888, 846, 3, 3, NULL, 0, 10, 10),
(1900, 847, 3, 25, NULL, 0, 0, 0),
(1901, 847, 25, 25, NULL, 0, 1, 1),
(1902, 847, 25, 32, NULL, 0, 2, 2),
(1903, 847, 32, 22, NULL, 0, 3, 3),
(1904, 847, 22, 43, NULL, 0, 4, 4),
(1905, 847, 43, 24, NULL, 0, 5, 5),
(1906, 847, 24, 25, NULL, 0, 6, 6),
(1907, 847, 25, 43, NULL, 0, 7, 7),
(1908, 847, 43, 25, NULL, 0, 8, 8),
(1909, 847, 25, 3, NULL, 0, 9, 9),
(1910, 847, 3, 3, NULL, 0, 10, 10),
(1922, 848, 3, 25, NULL, 0, 0, 0),
(1923, 848, 25, 14, NULL, 0, 1, 1),
(1924, 848, 14, 32, NULL, 0, 2, 2),
(1925, 848, 32, 22, NULL, 0, 3, 3),
(1926, 848, 22, 43, NULL, 0, 4, 4),
(1927, 848, 43, 24, NULL, 0, 5, 5),
(1928, 848, 24, 25, NULL, 0, 6, 6),
(1929, 848, 25, 12, NULL, 0, 7, 7),
(1930, 848, 12, 25, NULL, 0, 8, 8),
(1931, 848, 25, 3, NULL, 0, 9, 9),
(1932, 848, 3, 3, NULL, 0, 10, 10),
(1944, 849, 3, 25, NULL, 0, 0, 0),
(1945, 849, 25, 25, NULL, 0, 1, 1),
(1946, 849, 25, 32, NULL, 0, 2, 2),
(1947, 849, 32, 25, NULL, 0, 3, 3),
(1948, 849, 25, 43, NULL, 0, 4, 4),
(1949, 849, 43, 24, NULL, 0, 5, 5),
(1950, 849, 24, 25, NULL, 0, 6, 6),
(1951, 849, 25, 12, NULL, 0, 7, 7),
(1952, 849, 12, 25, NULL, 0, 8, 8),
(1953, 849, 25, 3, NULL, 0, 9, 9),
(1954, 849, 3, 3, NULL, 0, 10, 10),
(1966, 850, 3, 25, NULL, 0, 0, 0),
(1967, 850, 25, 25, NULL, 0, 1, 1),
(1968, 850, 25, 32, NULL, 0, 2, 2),
(1969, 850, 32, 45, NULL, 0, 3, 3),
(1970, 850, 45, 8, NULL, 0, 4, 4),
(1971, 850, 8, 24, NULL, 0, 5, 5),
(1972, 850, 24, 25, NULL, 0, 6, 6),
(1973, 850, 25, 12, NULL, 0, 7, 7),
(1974, 850, 12, 25, NULL, 0, 8, 8),
(1975, 850, 25, 3, NULL, 0, 9, 9),
(1976, 850, 3, 3, NULL, 0, 10, 10),
(1988, 851, 3, 25, NULL, 0, 0, 0),
(1989, 851, 25, 25, NULL, 0, 1, 1),
(1990, 851, 25, 32, NULL, 0, 2, 2),
(1991, 851, 32, 22, NULL, 0, 3, 3),
(1992, 851, 22, 23, NULL, 0, 4, 4),
(1993, 851, 23, 24, NULL, 0, 5, 5),
(1994, 851, 24, 12, NULL, 0, 6, 6),
(1995, 851, 12, 12, NULL, 0, 7, 7),
(1996, 851, 12, 25, NULL, 0, 8, 8),
(1997, 851, 25, 3, NULL, 0, 9, 9),
(1998, 851, 3, 3, NULL, 0, 10, 10),
(2010, 852, 3, 25, NULL, 0, 0, 0),
(2011, 852, 25, 14, NULL, 0, 1, 1),
(2012, 852, 14, 32, NULL, 0, 2, 2),
(2013, 852, 32, 22, NULL, 0, 3, 3),
(2014, 852, 22, 23, NULL, 0, 4, 4),
(2015, 852, 23, 24, NULL, 0, 5, 5),
(2016, 852, 24, 25, NULL, 0, 6, 6),
(2017, 852, 25, 12, NULL, 0, 7, 7),
(2018, 852, 12, 14, NULL, 0, 8, 8),
(2019, 852, 14, 3, NULL, 0, 9, 9),
(2020, 852, 3, 3, NULL, 0, 10, 10),
(2032, 853, 3, 25, NULL, 0, 0, 0),
(2033, 853, 25, 25, NULL, 0, 1, 1),
(2034, 853, 25, 32, NULL, 0, 2, 2),
(2035, 853, 32, 22, NULL, 0, 3, 3),
(2036, 853, 22, 8, NULL, 0, 4, 4),
(2037, 853, 8, 24, NULL, 0, 5, 5),
(2038, 853, 24, 12, NULL, 0, 6, 6),
(2039, 853, 12, 12, NULL, 0, 7, 7),
(2040, 853, 12, 25, NULL, 0, 8, 8),
(2041, 853, 25, 3, NULL, 0, 9, 9),
(2042, 853, 3, 3, NULL, 0, 10, 10),
(2054, 854, 3, 25, NULL, 0, 0, 0),
(2055, 854, 25, 25, NULL, 0, 1, 1),
(2056, 854, 25, 32, NULL, 0, 2, 2),
(2057, 854, 32, 22, NULL, 0, 3, 3),
(2058, 854, 22, 23, NULL, 0, 4, 4),
(2059, 854, 23, 24, NULL, 0, 5, 5),
(2060, 854, 24, 25, NULL, 0, 6, 6),
(2061, 854, 25, 12, NULL, 0, 7, 7),
(2062, 854, 12, 25, NULL, 0, 8, 8),
(2063, 854, 25, 23, NULL, 0, 9, 9),
(2064, 854, 23, 3, NULL, 0, 10, 10),
(2076, 855, 3, 25, NULL, 0, 0, 0),
(2077, 855, 25, 25, NULL, 0, 1, 1),
(2078, 855, 25, 12, NULL, 0, 2, 2),
(2079, 855, 12, 22, NULL, 0, 3, 3),
(2080, 855, 22, 8, NULL, 0, 4, 4),
(2081, 855, 8, 24, NULL, 0, 5, 5),
(2082, 855, 24, 25, NULL, 0, 6, 6),
(2083, 855, 25, 12, NULL, 0, 7, 7),
(2084, 855, 12, 25, NULL, 0, 8, 8),
(2085, 855, 25, 3, NULL, 0, 9, 9),
(2086, 855, 3, 3, NULL, 0, 10, 10),
(2098, 856, 3, 14, NULL, 0, 0, 0),
(2099, 856, 14, 25, NULL, 0, 1, 1),
(2100, 856, 25, 32, NULL, 0, 2, 2),
(2101, 856, 32, 22, NULL, 0, 3, 3),
(2102, 856, 22, 43, NULL, 0, 4, 4),
(2103, 856, 43, 24, NULL, 0, 5, 5),
(2104, 856, 24, 25, NULL, 0, 6, 6),
(2105, 856, 25, 12, NULL, 0, 7, 7),
(2106, 856, 12, 25, NULL, 0, 8, 8),
(2107, 856, 25, 3, NULL, 0, 9, 9),
(2108, 856, 3, 3, NULL, 0, 10, 10),
(2120, 857, 3, 25, NULL, 0, 0, 0),
(2121, 857, 25, 25, NULL, 0, 1, 1),
(2122, 857, 25, 32, NULL, 0, 2, 2),
(2123, 857, 32, 22, NULL, 0, 3, 3),
(2124, 857, 22, 43, NULL, 0, 4, 4),
(2125, 857, 43, 24, NULL, 0, 5, 5),
(2126, 857, 24, 25, NULL, 0, 6, 6),
(2127, 857, 25, 12, NULL, 0, 7, 7),
(2128, 857, 12, 14, NULL, 0, 8, 8),
(2129, 857, 14, 3, NULL, 0, 9, 9),
(2130, 857, 3, 3, NULL, 0, 10, 10),
(2142, 858, 3, 25, NULL, 0, 0, 0),
(2143, 858, 25, 25, NULL, 0, 1, 1),
(2144, 858, 25, 32, NULL, 0, 2, 2),
(2145, 858, 32, 117, NULL, 0, 3, 3),
(2146, 858, 117, 23, NULL, 0, 4, 4),
(2147, 858, 23, 24, NULL, 0, 5, 5),
(2148, 858, 24, 25, NULL, 0, 6, 6),
(2149, 858, 25, 12, NULL, 0, 7, 7),
(2150, 858, 12, 25, NULL, 0, 8, 8),
(2151, 858, 25, 3, NULL, 0, 9, 9),
(2152, 858, 3, 3, NULL, 0, 10, 10),
(2164, 859, 3, 25, NULL, 0, 0, 0),
(2165, 859, 25, 25, NULL, 0, 1, 1),
(2166, 859, 25, 32, NULL, 0, 2, 2),
(2167, 859, 32, 22, NULL, 0, 3, 3),
(2168, 859, 22, 43, NULL, 0, 4, 4),
(2169, 859, 43, 24, NULL, 0, 5, 5),
(2170, 859, 24, 25, NULL, 0, 6, 6),
(2171, 859, 25, 14, NULL, 0, 7, 7),
(2172, 859, 14, 25, NULL, 0, 8, 8),
(2173, 859, 25, 3, NULL, 0, 9, 9),
(2174, 859, 3, 3, NULL, 0, 10, 10),
(2186, 860, 3, 25, NULL, 0, 0, 0),
(2187, 860, 25, 25, NULL, 0, 1, 1),
(2188, 860, 25, 32, NULL, 0, 2, 2),
(2189, 860, 32, 45, NULL, 0, 3, 3),
(2190, 860, 45, 12, NULL, 0, 4, 4),
(2191, 860, 12, 24, NULL, 0, 5, 5),
(2192, 860, 24, 25, NULL, 0, 6, 6),
(2193, 860, 25, 12, NULL, 0, 7, 7),
(2194, 860, 12, 25, NULL, 0, 8, 8),
(2195, 860, 25, 3, NULL, 0, 9, 9),
(2196, 860, 3, 3, NULL, 0, 10, 10),
(2208, 861, 3, 25, NULL, 0, 0, 0),
(2209, 861, 25, 25, NULL, 0, 1, 1),
(2210, 861, 25, 32, NULL, 0, 2, 2),
(2211, 861, 32, 25, NULL, 0, 3, 3),
(2212, 861, 25, 23, NULL, 0, 4, 4),
(2213, 861, 23, 24, NULL, 0, 5, 5),
(2214, 861, 24, 25, NULL, 0, 6, 6),
(2215, 861, 25, 12, NULL, 0, 7, 7),
(2216, 861, 12, 25, NULL, 0, 8, 8),
(2217, 861, 25, 3, NULL, 0, 9, 9),
(2218, 861, 3, 3, NULL, 0, 10, 10),
(2230, 862, 3, 25, NULL, 0, 0, 0),
(2231, 862, 25, 25, NULL, 0, 1, 1),
(2232, 862, 25, 32, NULL, 0, 2, 2),
(2233, 862, 32, 22, NULL, 0, 3, 3),
(2234, 862, 22, 23, NULL, 0, 4, 4),
(2235, 862, 23, 24, NULL, 0, 5, 5),
(2236, 862, 24, 118, NULL, 0, 6, 6),
(2237, 862, 118, 12, NULL, 0, 7, 7),
(2238, 862, 12, 25, NULL, 0, 8, 8),
(2239, 862, 25, 3, NULL, 0, 9, 9),
(2240, 862, 3, 3, NULL, 0, 10, 10),
(2252, 863, 3, 25, NULL, 0, 0, 0),
(2253, 863, 25, 25, NULL, 0, 1, 1),
(2254, 863, 25, 32, NULL, 0, 2, 2),
(2255, 863, 32, 25, NULL, 0, 3, 3),
(2256, 863, 25, 12, NULL, 0, 4, 4),
(2257, 863, 12, 24, NULL, 0, 5, 5),
(2258, 863, 24, 25, NULL, 0, 6, 6),
(2259, 863, 25, 12, NULL, 0, 7, 7),
(2260, 863, 12, 25, NULL, 0, 8, 8),
(2261, 863, 25, 3, NULL, 0, 9, 9),
(2262, 863, 3, 3, NULL, 0, 10, 10),
(2274, 864, 3, 25, NULL, 0, 0, 0),
(2275, 864, 25, 25, NULL, 0, 1, 1),
(2276, 864, 25, 32, NULL, 0, 2, 2),
(2277, 864, 32, 22, NULL, 0, 3, 3),
(2278, 864, 22, 23, NULL, 0, 4, 4),
(2279, 864, 23, 24, NULL, 0, 5, 5),
(2280, 864, 24, 15, NULL, 0, 6, 6),
(2281, 864, 15, 12, NULL, 0, 7, 7),
(2282, 864, 12, 25, NULL, 0, 8, 8),
(2283, 864, 25, 3, NULL, 0, 9, 9),
(2284, 864, 3, 3, NULL, 0, 10, 10),
(2296, 865, 4, 25, NULL, 0, 0, 0),
(2297, 865, 25, 25, NULL, 0, 1, 1),
(2298, 865, 25, 32, NULL, 0, 2, 2),
(2299, 865, 32, 22, NULL, 0, 3, 3),
(2300, 865, 22, 23, NULL, 0, 4, 4),
(2301, 865, 23, 2, NULL, 0, 5, 5),
(2302, 865, 2, 25, NULL, 0, 6, 6),
(2303, 865, 25, 12, NULL, 0, 7, 7),
(2304, 865, 12, 25, NULL, 0, 8, 8),
(2305, 865, 25, 3, NULL, 0, 9, 9),
(2306, 865, 3, 4, NULL, 0, 10, 10);
/*!40000 ALTER TABLE `msb_b2s` ENABLE KEYS */;
UNLOCK TABLES;


--
-- Dumping data for table `msb_block`
--

LOCK TABLES `msb_block` WRITE;
/*!40000 ALTER TABLE `msb_block` DISABLE KEYS */;
INSERT INTO `msb_block` (`id`, `container_id`, `block_name`, `acronym`, `residue`, `block_mass`, `losses`, `block_smiles`, `usmiles`, `source`, `identifier`, `is_polyketide`) VALUES
(1, 1, 'Tryptophan', 'Trp', 'C11H10N2O', 186.079313, NULL, 'C1=CC=C2C(=C1)C(=CN2)CC(C(=O)O)N', 'NC(CC1=CNC2=CC=CC=C12)C(O)=O', 0, '6305', 0),
(2, 1, 'Glycine', 'Gly', 'C2H3NO', 57.021464, NULL, 'C(C(=O)O)N', 'NCC(O)=O', 0, '750', 0),
(3, 1, 'Alanine', 'Ala', 'C3H5NO', 71.037114, NULL, 'CC(C(=O)O)N', 'CC(N)C(O)=O', 0, '5950', 0),
(4, 1, 'Serine', 'Ser', 'C3H5NO2', 87.032028, NULL, 'C(C(C(=O)O)N)O', 'NC(CO)C(O)=O', 0, '5951', 0),
(5, 1, 'Cysteine', 'Cys', 'C3H5NOS', 103.009184, NULL, 'C(C(C(=O)O)N)S', 'NC(CS)C(O)=O', 0, '5862', 0),
(6, 1, 'Aspartic acid', 'Asp', 'C4H5NO3', 115.026943, NULL, 'C(C(C(=O)O)N)C(=O)O', 'NC(CC(O)=O)C(O)=O', 0, '5960', 0),
(7, 1, 'Asparagine', 'Asn', 'C4H6N2O2', 114.042927, NULL, 'C(C(C(=O)O)N)C(=O)N', 'NC(CC(N)=O)C(O)=O', 0, '6267', 0),
(8, 1, 'Threonine', 'Thr', 'C4H7NO2', 101.047678, NULL, 'CC(C(C(=O)O)N)O', 'CC(O)C(N)C(O)=O', 0, '6288', 0),
(9, 1, 'Proline', 'Pro', 'C5H7NO', 97.052764, NULL, 'C1CC(NC1)C(=O)O', 'OC(=O)C1CCCN1', 0, '145742', 0),
(10, 1, 'Glutamic acid', 'Glu', 'C5H7NO3', 129.042593, NULL, 'C(CC(=O)O)C(C(=O)O)N', 'NC(CCC(O)=O)C(O)=O', 0, '33032', 0),
(11, 1, 'Glutamine', 'Gln', 'C5H8N2O2', 128.058578, NULL, 'C(CC(=O)N)C(C(=O)O)N', 'NC(CCC(N)=O)C(O)=O', 0, '5961', 0),
(12, 1, 'Valine', 'Val', 'C5H9NO', 99.068414, NULL, 'CC(C)C(C(=O)O)N', 'CC(C)C(N)C(O)=O', 0, '6287', 0),
(13, 1, 'Methionine', 'Met', 'C5H9NOS', 131.040485, NULL, 'CSCCC(C(=O)O)N', 'CSCCC(N)C(O)=O', 0, '6137', 0),
(14, 1, 'Leucine', 'Leu', 'C6H11NO', 113.084064, NULL, 'CC(C)CC(C(=O)O)N', 'CC(C)CC(N)C(O)=O', 0, '6106', 0),
(15, 1, 'Isoleucine', 'Ile', 'C6H11NO', 113.084064, NULL, 'CCC(C)C(C(=O)O)N', 'CCC(C)C(N)C(O)=O', 0, '6306', 0),
(16, 1, 'Lysine', 'Lys', 'C6H12N2O', 128.094963, NULL, 'C(CCN)CC(C(=O)O)N', 'NCCCCC(N)C(O)=O', 0, '5962', 0),
(17, 1, 'Arginine', 'Arg', 'C6H12N4O', 156.101111, NULL, 'C(CC(C(=O)O)N)CN=C(N)N', 'NC(CCCN=C(N)N)C(O)=O', 0, '6322', 0),
(18, 1, 'Histidine', 'His', 'C6H7N3O', 137.058912, NULL, 'C1=C(NC=N1)CC(C(=O)O)N', 'NC(CC1=CN=CN1)C(O)=O', 0, '6274', 0),
(19, 1, 'Phenylalanine', 'Phe', 'C9H9NO', 147.068414, NULL, 'C1=CC=C(C=C1)CC(C(=O)O)N', 'NC(CC1=CC=CC=C1)C(O)=O', 0, '6140', 0),
(20, 1, 'Tyrosine', 'Tyr', 'C9H9NO2', 163.063329, NULL, 'C1=CC(=CC=C1CC(C(=O)O)N)O', 'NC(CC1=CC=C(O)C=C1)C(O)=O', 0, '6057', 0),
(21, 1, '3-hydroxy-4-methyl-octanoic acid', 'C8:0-Me(4)-OH(3)', 'C9H16O2', 156.11503, '', 'CCCCC(C)C(O)CC(O)=O', 'CCCCC(C)C(O)CC(O)=O', 0, '16088926', 0),
(22, 1, 'N-methyl-butenyl-threonine', 'NMe-Bmt', 'C10H17NO2', 183.125929, '', 'CNC(C(O)C(C)CC=CC)C(O)=O', 'CNC(C(O)C(C)CC=CC)C(O)=O', 0, '11769539', 0),
(23, 1, '2-aminobutanoic acid', 'Abu', 'C4H7NO', 85.052764, '', 'CCC(N)C(O)=O', 'CCC(N)C(O)=O', 0, '6657', 0),
(24, 1, 'N-methyl-glycine', 'NMe-Gly', 'C3H5NO', 71.037114, '', 'CNCC(O)=O', 'CNCC(O)=O', 0, '1088', 0),
(25, 1, 'N-methyl-leucine', 'NMe-Leu', 'C7H13NO', 127.099714, '', 'CNC(CC(C)C)C(O)=O', 'CNC(CC(C)C)C(O)=O', 0, '567743', 0),
(26, 1, 'N-acetyl-isoleucine', 'NAc-Ile', 'C8H13NO2', 155.094629, '', 'CCC(C)C(NC(C)=O)C(O)=O', 'CCC(C)C(NC(C)=O)C(O)=O', 0, '306109', 0),
(27, 1, 'N-formyl-N-hydroxy-ornithine', 'Fo-OH-Orn', 'C6H10N2O3', 158.069142, '', 'NC(CCCN(O)C=O)C(O)=O', 'NC(CCCN(O)C=O)C(O)=O', 0, '45479225', 0),
(28, 1, 'Pyoverdin Pa A chromophore', 'ChrPaA', 'C13H11N3O3', 257.080041, '', 'NC1=CC2=C(C=C(O)C(=C2)O)N3CCC(N=C13)C(O)=O', 'NC1=CC2=C(C=C(O)C(=C2)O)N3CCC(N=C13)C(O)=O', 0, '', 0),
(30, 1, '3-methyl-proline', '3Me-Pro', 'C6H9NO', 111.068414, '', 'CC1CCNC1C(O)=O', 'CC1CCNC1C(O)=O', 0, '14185042', 0),
(31, 1, '2-hydroxy-4-methyl-pentanoic acid', 'C5:0-Me(4)-OH(2)', 'C6H10O2', 114.06808, '', 'CC(C)CC(O)C(O)=O', 'CC(C)CC(O)C(O)=O', 0, '92779', 0),
(32, 1, 'N-methyl-valine', 'NMe-Val', 'C6H11NO', 113.084064, '', 'CNC(C(C)C)C(O)=O', 'CNC(C(C)C)C(O)=O', 0, '4378', 0),
(33, 1, 'N-methyl-alanine', 'NMe-Ala', 'C4H7NO', 85.052764, '', 'CNC(C)C(O)=O', 'CNC(C)C(O)=O', 0, '5288725', 0),
(34, 1, 'beta-alanine', 'bAla', 'C3H5NO', 71.037114, '', 'NCCC(O)=O', 'NCCC(O)=O', 0, '239', 0),
(36, 1, '3-hydroxy-13-methyl-tetradecanoic acid', 'C14:0-Me(13)-OH(3)', 'C15H28O2', 240.20893, '', 'CC(C)CCCCCCCCCC(O)CC(O)=O', 'CC(C)CCCCCCCCCC(O)CC(O)=O', 0, '11043456', 0),
(37, 1, 'Lactic acid', 'Lac', 'C3H4O2', 72.021129, NULL, 'CC(C(=O)O)O', 'CC(O)C(O)=O', 0, '612', 0),
(38, 1, '2-hydroxy-isovaleric acid', 'Hiv', 'C5H8O2', 100.05243, '', 'CC(C)C(O)C(O)=O', 'CC(C)C(O)C(O)=O', 0, '99823', 0),
(39, 1, 'Ornithine', 'Orn', 'C5H10N2O', 114.079313, '', 'NCCCC(N)C(O)=O', 'NCCCC(N)C(O)=O', 0, '389', 0),
(40, 1, 'N-acetyl-N-methyl-isoleucine', 'NAc-NMe-Ile', 'C9H15N1O2', 169.110278, '', 'CCC(C)C(N(C)C(C)=O)C(O)=O', 'CCC(C)C(N(C)C(C)=O)C(O)=O', 0, '63703758', 0),
(41, 1, 'N-acetyl-valine', 'NAc-Val', 'C7H11N1O2', 141.078978, '', 'CC(C)C(NC(C)=O)C(O)=O', 'CC(C)C(NC(C)=O)C(O)=O', 0, '227752', 0),
(42, 1, 'Succinic acid', 'Succ', 'C4H4O3', 100.016044, '', 'OC(=O)CCC(O)=O', 'OC(=O)CCC(O)=O', 0, '1110', 0),
(43, 1, 'Norvaline', 'Nva', 'C5H9NO', 99.068414, '', 'CCCC(N)C(O)=O', 'CCCC(N)C(O)=O', 0, '824', 0),
(44, 1, '3-desoxy-methyl-4-butenyl-4-methyl-threonine', 'dNMe-Bmt', 'C10H17NO', 167.131014, '', 'CNC(CC(C)CC=CC)C(O)=O', 'CNC(CC(C)CC=CC)C(O)=O', 0, '76108366', 0),
(45, 1, '4-butenyl-4-methyl-threonine', 'Bmt', 'C9H15NO2', 169.110278, '', 'CC=CCC(C)C(O)C(N)C(O)=O', 'CC=CCC(C)C(O)C(N)C(O)=O', 0, '73746095', 0),
(46, 1, '3-hydroxy-4-methyl-decanoic acid', 'C10:0-Me(4)-OH(3)', 'C11H20O2', 184.14633, '', 'CCCCCCC(C)C(O)CC(O)=O', 'CCCCCCC(C)C(O)CC(O)=O', 0, '70679119', 0),
(47, 1, '3-hydroxy-nonanoic acid', 'C9:0-OH(3)', 'C9H16O2', 156.115029, '', 'CCCCCCC(O)CC(O)=O', 'CCCCCCC(O)CC(O)=O', 0, '36599', 0),
(49, 1, '(-2H) N-hydroxy-1,5-pentanediamine', 'Hpd', 'C5H12N2O', 116.094963, '', 'NCCCCCNO', 'NCCCCCNO', 0, '22119660', 1),
(50, 1, 'Succinic semialdehyde', 'Suc', 'C4H4O2', 84.0211293137, NULL, 'OC(=O)CCC=O', 'OC(=O)CCC=O', 0, '1112', 1),
(51, 1, '3-hydroxy-butanoic acid', 'C4:0-OH(3)', 'C4H6O2', 86.036779, '', 'CC(O)CC(O)=O', 'CC(O)CC(O)=O', 0, '441', 0),
(52, 1, 'N5-hydroxy-ornithine', 'OH-Orn', 'C5H10N2O2', 130.074227, '', 'NC(CCCNO)C(O)=O', 'NC(CCCNO)C(O)=O', 0, '22326348', 0),
(53, 1, 'hydroxy-aspartic acid', 'OH-Asp', 'C4H5NO4', 131.021857, '', 'NC(C(O)C(O)=O)C(O)=O', 'NC(C(O)C(O)=O)C(O)=O', 0, '5425', 0),
(54, 1, '(-2H) putrescine', 'Put', 'C4H10N2', 86.084398, '', 'NCCCCN', 'NCCCCN', 0, '1045', 1),
(55, 1, '3-hydroxy-hexanoic acid', 'C6:0-OH(3)', 'C6H10O2', 114.068079, '', 'CCCC(O)CC(O)=O', 'CCCC(O)CC(O)=O', 0, '151492', 0),
(56, 1, '3-hydroxy-octanoic acid', 'C8:0-OH(3)', 'C8H14O2', 142.099379, '', 'CCCCCC(O)CC(O)=O', 'CCCCCC(O)CC(O)=O', 0, '26613', 0),
(57, 1, '5-hydroxy-3-methyl-2-pentenoic acid', 'OH-MP', 'C6H8O2', 112.052429, '', 'CC(CCO)=CC(O)=O', 'CC(CCO)=CC(O)=O', 0, '54261127', 0),
(58, 1, 'N2-acetyl-N5-hydroxy-ornithine', 'N2Ac-OH-Orn', 'C7H12N2O3', 172.084792, '', 'CC(=O)NC(CCCNO)C(O)=O', 'CC(=O)NC(CCCNO)C(O)=O', 0, '', 0),
(59, 1, 'Succinamic acid', 'Suca', 'C4H5NO2', 99.032028, NULL, 'NC(=O)CCC(O)=O', 'NC(=O)CCC(O)=O', 0, '12522', 0),
(60, 1, 'N-acetyl-hydroxy-ornithine', 'Ac-OH-Orn', 'C7H12N2O3', 172.084792, '', 'CC(=O)N(O)CCCC(N)C(O)=O', 'CC(=O)N(O)CCCC(N)C(O)=O', 1, '3670289', 0),
(61, 1, '3-methyl-glutaconic acid', 'Mga', 'C6H6O3', 126.031694, '', 'CC(CC(O)=O)=CC(O)=O', 'CC(CC(O)=O)=CC(O)=O', 1, '1267861', 0),
(64, 1, '2,3-dihydroxy-benzoic acid', 'OH-Ben', 'C7H4O3', 136.016044, '', 'OC(=O)C1=C(O)C(=CC=C1)O', 'OC(=O)C1=C(O)C(=CC=C1)O', 0, '19', 0),
(71, 1, '2-hydroxypent-4-enoic acid', 'OH-Eno', 'C5H6O2', 98.036779, NULL, 'OC(CC=C)C(O)=O', 'OC(CC=C)C(O)=O', 0, '172026', 0),
(72, 2, 'Tryptophan', 'Trp', 'C11H10N2O', 186.079313, '', 'NC(CC1=CNC2=CC=CC=C12)C(O)=O', 'NC(CC1=CNC2=CC=CC=C12)C(O)=O', 0, '6305', 0),
(73, 2, 'Glycine', 'Gly', 'C2H3NO', 57.021464, '', 'NCC(O)=O', 'NCC(O)=O', 0, '750', 0),
(74, 2, 'Alanine', 'Ala', 'C3H5NO', 71.037114, '', 'CC(N)C(O)=O', 'CC(N)C(O)=O', 0, '5950', 0),
(75, 2, 'Serine', 'Ser', 'C3H5NO2', 87.032028, '', 'NC(CO)C(O)=O', 'NC(CO)C(O)=O', 0, '5951', 0),
(76, 2, 'Cysteine', 'Cys', 'C3H5NOS', 103.009184, '', 'NC(CS)C(O)=O', 'NC(CS)C(O)=O', 0, '5862', 0),
(77, 2, 'Aspartic acid', 'Asp', 'C4H5NO3', 115.026943, '', 'NC(CC(O)=O)C(O)=O', 'NC(CC(O)=O)C(O)=O', 0, '5960', 0),
(78, 2, 'Asparagine', 'Asn', 'C4H6N2O2', 114.042927, '', 'NC(CC(N)=O)C(O)=O', 'NC(CC(N)=O)C(O)=O', 0, '6267', 0),
(79, 2, 'Threonine', 'Thr', 'C4H7NO2', 101.047678, '', 'CC(O)C(N)C(O)=O', 'CC(O)C(N)C(O)=O', 0, '6288', 0),
(80, 2, 'Proline', 'Pro', 'C5H7NO', 97.052764, '', 'OC(=O)C1CCCN1', 'OC(=O)C1CCCN1', 0, '145742', 0),
(81, 2, 'Glutamic acid', 'Glu', 'C5H7NO3', 129.042593, '', 'NC(CCC(O)=O)C(O)=O', 'NC(CCC(O)=O)C(O)=O', 0, '33032', 0),
(82, 2, 'Glutamine', 'Gln', 'C5H8N2O2', 128.058578, '', 'NC(CCC(N)=O)C(O)=O', 'NC(CCC(N)=O)C(O)=O', 0, '5961', 0),
(83, 2, 'Valine', 'Val', 'C5H9NO', 99.068414, '', 'CC(C)C(N)C(O)=O', 'CC(C)C(N)C(O)=O', 0, '6287', 0),
(84, 2, 'Methionine', 'Met', 'C5H9NOS', 131.040485, '', 'CSCCC(N)C(O)=O', 'CSCCC(N)C(O)=O', 0, '6137', 0),
(85, 2, 'Leucine', 'Leu', 'C6H11NO', 113.084064, '', 'CC(C)CC(N)C(O)=O', 'CC(C)CC(N)C(O)=O', 0, '6106', 0),
(86, 2, 'Isoleucine', 'Ile', 'C6H11NO', 113.084064, '', 'CCC(C)C(N)C(O)=O', 'CCC(C)C(N)C(O)=O', 0, '6306', 0),
(87, 2, 'Lysine', 'Lys', 'C6H12N2O', 128.094963, '', 'NCCCCC(N)C(O)=O', 'NCCCCC(N)C(O)=O', 0, '5962', 0),
(88, 2, 'Arginine', 'Arg', 'C6H12N4O', 156.101111, '', 'NC(CCCN=C(N)N)C(O)=O', 'NC(CCCN=C(N)N)C(O)=O', 0, '6322', 0),
(89, 2, 'Histidine', 'His', 'C6H7N3O', 137.058912, '', 'NC(CC1=CN=CN1)C(O)=O', 'NC(CC1=CN=CN1)C(O)=O', 0, '6274', 0),
(90, 2, 'Phenylalanine', 'Phe', 'C9H9NO', 147.068414, '', 'NC(CC1=CC=CC=C1)C(O)=O', 'NC(CC1=CC=CC=C1)C(O)=O', 0, '6140', 0),
(91, 2, 'Tyrosine', 'Tyr', 'C9H9NO2', 163.063329, '', 'NC(CC1=CC=C(O)C=C1)C(O)=O', 'NC(CC1=CC=C(O)C=C1)C(O)=O', 0, '6057', 0),
(92, 1, '3-hydroxyundecanoic acid', 'C11:0-OH(3)', 'C11H20O2', 184.14633, '', 'CCCCCCCCC(O)CC(O)=O', 'CCCCCCCCC(O)CC(O)=O', 0, '3083221', 0),
(93, 1, 'allo-Isoleucine', 'aIle', 'C6H11NO', 113.084064, '', 'CCC(C)C(N)C(O)=O', 'CCC(C)C(N)C(O)=O', 0, '94206', 0),
(94, 1, 'Leucine (variant)', 'Lxx', 'C6H11NO', 113.084064, '', 'CC(C)CC(N)C(O)=O', 'CC(C)CC(N)C(O)=O', 0, '6106', 0),
(96, 1, '2-oxoglutaric acid', 'Oga', 'C5H4O4', 128.010958, '', 'OC(=O)CCC(=O)C(O)=O', 'OC(=O)CCC(=O)C(O)=O', 0, '51', 0),
(97, 1, '3-hydroxyhexadec-9-enoic acid', 'C16:1(9)-OH(3)', 'C16H28O2', 252.20893, '', 'CCCCCCC=CCCCCCC(O)CC(O)=O', 'CCCCCCC=CCCCCCC(O)CC(O)=O', 0, '140706132', 0),
(98, 1, '3-hydroxytetradecanoic acid', 'C14:0-OH(3)', 'C14H26O2', 226.19328, '', 'CCCCCCCCCCCC(O)CC(O)=O', 'CCCCCCCCCCCC(O)CC(O)=O', 0, '16064', 0),
(99, 1, 'dodecanoic acid', 'C12:0', 'C12H22O', 182.167065, '', 'CCCCCCCCCCCC(O)=O', 'CCCCCCCCCCCC(O)=O', 0, '3893', 0),
(100, 1, '7-tetradecenoic acid', 'C14:1(7)', 'C14H24O', 208.182715, '', 'CCCCCCC=CCCCCCC(O)=O', 'CCCCCCC=CCCCCCC(O)=O', 0, '543360', 0),
(101, 1, 'tetradecanoic acid', 'C14:0', 'C14H26O', 210.198365, '', 'CCCCCCCCCCCCCC(O)=O', 'CCCCCCCCCCCCCC(O)=O', 0, '11005', 0),
(102, 1, '9-hexadecenoic acid', 'C16:1(9)', 'C16H28O', 236.214015, '', 'CCCCCCC=CCCCCCCCC(O)=O', 'CCCCCCC=CCCCCCCCC(O)=O', 0, '4668', 0),
(103, 1, '3-hydroxyhexadecanoic acid', 'C16:0-OH(3)', 'C16H30O2', 254.22458, '', 'CCCCCCCCCCCCCC(O)CC(O)=O', 'CCCCCCCCCCCCCC(O)CC(O)=O', 0, '301590', 0),
(104, 1, 'palmitic acid', 'C16:0', 'C16H30O', 238.229665, '', 'CCCCCCCCCCCCCCCC(O)=O', 'CCCCCCCCCCCCCCCC(O)=O', 0, '985', 0),
(106, 1, '3-hydroxyoctadec-9-enoic acid', 'C18:1(9)-OH(3)', 'C18H32O2', 280.24023, '', 'CCCCCCCCC=CCCCCCC(O)CC(O)=O', 'CCCCCCCCC=CCCCCCC(O)CC(O)=O', 0, '54069008', 0),
(107, 1, 'octadec-9-enoic acid', 'C18:1(9)', 'C18H32O', 264.245315, '', 'CCCCCCCCC=CCCCCCCCC(O)=O', 'CCCCCCCCC=CCCCCCCCC(O)=O', 0, '965', 0),
(108, 1, '5-dodecenoic acid', 'C12:1(5)', 'C12H20O', 180.151415, '', 'CCCCCCC=CCCCC(O)=O', 'CCCCCCC=CCCCC(O)=O', 0, '151007', 0),
(109, 1, '3-hydroxydodecanoic acid', 'C12:0-OH(3)', 'C12H22O2', 198.16198, '', 'CCCCCCCCCC(O)CC(O)=O', 'CCCCCCCCCC(O)CC(O)=O', 0, '94216', 0),
(110, 1, 'decanoic acid', 'C10:0', 'C10H18O', 154.135765, '', 'CCCCCCCCCC(O)=O', 'CCCCCCCCCC(O)=O', 0, '2969', 0),
(111, 1, '(-2H) N-hydroxy-1,6-hexanediamine', 'Hhd', 'C6H14N2O', 130.110613, '', 'NCCCCCCNO', 'NCCCCCCNO', 0, '10034671', 1),
(112, 1, '(-2H) N-hydroxy-1,4-butanediamine', 'Hbd', 'C4H10N2O', 102.079313, '', 'NCCCCNO', 'NCCCCNO', 0, '24883439', 1),
(113, 1, '(-2H) N-hydroxy-1,3-propanediamine', 'Hpa', 'C3H8N2O', 88.063663, '', 'NCCCNO', 'NCCCNO', 0, '5311095', 1),
(114, 1, '(-2H) 1,3-propanediamine', 'Pda', 'C3H8N2', 72.068748, '', 'NCCCN', 'NCCCN', 0, '428', 1),
(115, 1, 'N-methyl-leucine (variant)', 'NMe-Lxx', 'C7H13NO', 127.099714, '', 'CNC(CC(C)C)C(O)=O', 'CNC(CC(C)C)C(O)=O', 0, '567743', 0),
(116, 1, '2,5-dihydroxy-4-methylpentanoic acid', 'C5:0-Me(4)-OH(2.5)', 'C6H10O3', 130.062994, '', 'CC(CO)CC(O)C(O)=O', 'CC(CO)CC(O)C(O)=O', 0, '153966883', 0),
(117, 1, '2-(methylamino)octanoic acid', 'MeAoc', 'C9H17NO', 155.131014, NULL, 'CCCCCCC(NC)C(O)=O', 'CCCCCCC(NC)C(O)=O', 0, '12571758', 0),
(118, 1, 'N-methyl-isoleucine', 'NMe-Ile', 'C7H13NO', 127.099714, NULL, 'CCC(C)C(NC)C(O)=O', 'CCC(C)C(NC)C(O)=O', 0, '560437', 0);
/*!40000 ALTER TABLE `msb_block` ENABLE KEYS */;
UNLOCK TABLES;

--
-- Dumping data for table `msb_block_family`
--

LOCK TABLES `msb_block_family` WRITE;
/*!40000 ALTER TABLE `msb_block_family` DISABLE KEYS */;
INSERT INTO `msb_block_family` (`id`, `container_id`, `block_family_name`) VALUES
(6, 1, 'chromophores'),
(4, 1, 'fatty acyls'),
(5, 1, 'ornithines'),
(2, 1, 'other'),
(7, 1, 'polyketide blocks'),
(1, 1, 'proteinogenic amino acids'),
(3, 2, 'proteinogenic amino acids');
/*!40000 ALTER TABLE `msb_block_family` ENABLE KEYS */;
UNLOCK TABLES;

--
-- Dumping data for table `msb_condition`
--

LOCK TABLES `msb_condition` WRITE;
/*!40000 ALTER TABLE `msb_condition` DISABLE KEYS */;
INSERT INTO `msb_condition` (`id`, `text`) VALUES
(1, '1) Usage of the app\r\nUsing of MassSpecBlocks is free. Source codes are licensed under MIT license. When you used third-party databases, it\'s on the user to check licenses of these databases, how their data can be used. In no event shall the authors be liable for any claim, damages, or other liability, whether in an action of contract, tort, or otherwise, arising from, out of, or the use or other dealings.\r\n\r\n2) Usage of registration data\r\nThe name doesn\'t have to be your real name. An e-mail is not required and is used for password recovery only. Your password is stored in the database in a hashed form for authentification purposes only. The password must have at least eight characters.\r\n\r\n3) Cookies\r\nIf you use MassSpecBlocks, you agree with cookies. The site uses cookies for its basic functionality (running your session, etc.). We do not use third-party and advertisement cookies. \r\n\r\n4) Usage technologies\r\nMassSpecBlocks uses: (1) modified smilesDrawer [https://github.com/privrja/smilesDrawer] originally developed by Jean-Louis Reymond Research Group at the University of Bern, main author Daniel Probst;  (2) JSME editor originally developed by B. Bienfait and P. Ertl. JSME Molecule Editor [https://jsme-editor.github.io/]; (3) React for frontend (MIT License); (4) Symfony for backend (MIT License); and (5) MySQL database (free version). MassSpecBlocks is based on Building Blocks Database Generator of Natural Compounds (BBDGNC) [https://github.com/privrja/bbdgnc].\r\n\r\n5) Chemical databases\r\nWe are using public chemical databases for custom searches. They include PubChem [https://pubchem.ncbi.nlm.nih.gov], ChemSpider [http://www.chemspider.com], ChEBI [https://www.ebi.ac.uk/chebi], Norine [https://bioinfo.lifl.fr/norine], and PDB [https://www.rcsb.org]. If you would like to use ChemSpider, you need a user account and an API key, free of charge up to 1000 API calls per month. The key must be stored in your settings dialog, and then you can search on ChemSpider from MassSpecBlocks. The key is stored in the database and is used only for your searches on ChemSpider, nothing more.\r\n');
/*!40000 ALTER TABLE `msb_condition` ENABLE KEYS */;
UNLOCK TABLES;

--
-- Dumping data for table `msb_container`
--

LOCK TABLES `msb_container` WRITE;
/*!40000 ALTER TABLE `msb_container` DISABLE KEYS */;
INSERT INTO `msb_container` (`id`, `container_name`, `visibility`) VALUES
(1, 'Nonribosomal Peptides and Siderophores', 'PUBLIC'),
(2, 'Proteinogenic Amino Acids', 'PUBLIC'),
(3, 'Siderophores and Secondary Metabolites (MS)', 'PUBLIC');
/*!40000 ALTER TABLE `msb_container` ENABLE KEYS */;
UNLOCK TABLES;

--
-- Dumping data for table `msb_modification`
--

LOCK TABLES `msb_modification` WRITE;
/*!40000 ALTER TABLE `msb_modification` DISABLE KEYS */;
INSERT INTO `msb_modification` (`id`, `container_id`, `modification_name`, `modification_formula`, `modification_mass`, `n_terminal`, `c_terminal`) VALUES
(1, 1, 'Acetyl', 'H2C2O', 42.010565, 1, 0),
(2, 1, 'Amidated', 'HNO-1', -0.9840155848, 0, 1),
(3, 1, 'Ethanolamine', 'H5C2N', 43.0421991657, 0, 1),
(4, 1, 'Formyl', 'CO', 27.9949146221, 1, 0),
(5, 2, 'Acetyl', 'H2C2O', 42.010565, 1, 0),
(6, 2, 'Amidated', 'HNO-1', -0.9840155848, 0, 1),
(7, 2, 'Ethanolamine', 'H5C2N', 43.0421991657, 0, 1),
(8, 2, 'Formyl', 'CO', 27.9949146221, 1, 0);
/*!40000 ALTER TABLE `msb_modification` ENABLE KEYS */;
UNLOCK TABLES;

--
-- Dumping data for table `msb_organism`
--

LOCK TABLES `msb_organism` WRITE;
/*!40000 ALTER TABLE `msb_organism` DISABLE KEYS */;
INSERT INTO `msb_organism` (`id`, `container_id`, `organism`) VALUES
(37, 1, 'Actinosynnema mirum'),
(34, 1, 'Alteromonas haloplanktis'),
(23, 1, 'Apergillus ochraceous'),
(24, 1, 'Aspergillus flavus'),
(7, 1, 'Aspergillus fumigatus'),
(8, 1, 'Aspergillus nidulans'),
(27, 1, 'Aspergillus niger'),
(25, 1, 'Aspergillus terreus'),
(9, 1, 'Aureobasidium pullulans'),
(39, 1, 'Beauveria bassiana'),
(43, 1, 'Beauveria brongniartii'),
(42, 1, 'Beauveria sp.'),
(40, 1, 'Beauveria tenella'),
(45, 1, 'Brevibacillus brevis'),
(47, 1, 'Burkholderia cepacia'),
(14, 1, 'Cenococcum geophilum'),
(26, 1, 'Cunninghamella blakesleeana'),
(3, 1, 'Erwinia amylovora'),
(10, 1, 'Fusarium cubense'),
(53, 1, 'Halomonas aquamarina'),
(36, 1, 'Halomonas meridiana'),
(15, 1, 'Magnaporthe grisea'),
(56, 1, 'Metarhizium anisopliae'),
(16, 1, 'Neurospora crassa'),
(41, 1, 'Paecilomyces fumosoroseus'),
(11, 1, 'Penicillium chrysogenum'),
(51, 1, 'Pseudallescheria boydii'),
(48, 1, 'Pseudomonas aeruginosa'),
(4, 1, 'Pseudomonas stutzeri'),
(31, 1, 'Rhizobium leguminosarum'),
(32, 1, 'Serratia sp. V4'),
(33, 1, 'Shewanella putrefaciens'),
(1, 1, 'Streptomyces coelicolor'),
(44, 1, 'Streptomyces fulvissimus'),
(5, 1, 'Streptomyces olivaceus'),
(2, 1, 'Streptomyces pilosus'),
(12, 1, 'Suillus granulatus'),
(13, 1, 'Suillus luteus'),
(54, 1, 'Tolypocladium inflatum'),
(17, 1, 'Trichoderma hamatum'),
(18, 1, 'Trichoderma harzianum'),
(19, 1, 'Trichoderma koningii'),
(20, 1, 'Trichoderma longibrachiatum'),
(21, 1, 'Trichoderma pseudokoningii'),
(22, 1, 'Trichoderma viride'),
(55, 1, 'Trichothecium roseum'),
(28, 1, 'Ustilago maydis'),
(29, 1, 'Ustilago sphaerogena'),
(35, 1, 'Vibrio salmonicida'),
(38, 1, 'Vibrio sp. DS40M4'),
(52, 1, 'Vibrio sp. R10'),
(6, 1, 'Vibrio strain BLI-41'),
(30, 1, 'Vibrio vulnificus');
/*!40000 ALTER TABLE `msb_organism` ENABLE KEYS */;
UNLOCK TABLES;

--
-- Dumping data for table `msb_s2f`
--

LOCK TABLES `msb_s2f` WRITE;
/*!40000 ALTER TABLE `msb_s2f` DISABLE KEYS */;
INSERT INTO `msb_s2f` (`id`, `sequence_id`, `family_id`) VALUES
(67, 51, 7),
(77, 57, 7),
(124, 24, 1),
(125, 25, 1),
(127, 27, 1),
(128, 28, 1),
(130, 30, 1),
(148, 775, 1),
(169, 779, 1),
(172, 780, 1),
(176, 1, 1),
(182, 782, 1),
(196, 785, 1),
(197, 784, 1),
(198, 783, 1),
(201, 786, 1),
(205, 787, 1),
(231, 26, 1),
(232, 29, 1),
(233, 781, 1),
(235, 31, 1),
(236, 776, 1),
(239, 791, 1),
(240, 792, 1),
(241, 793, 1),
(299, 33, 6),
(303, 32, 6),
(304, 796, 6),
(305, 3, 6),
(308, 40, 11),
(309, 40, 7),
(310, 41, 11),
(311, 41, 7),
(312, 42, 11),
(313, 42, 7),
(316, 38, 10),
(317, 38, 7),
(318, 39, 10),
(319, 39, 7),
(320, 61, 7),
(321, 56, 7),
(326, 45, 12),
(327, 45, 7),
(330, 44, 12),
(331, 44, 7),
(340, 797, 12),
(341, 797, 7),
(344, 43, 12),
(345, 43, 7),
(346, 60, 7),
(354, 4, 4),
(355, 4, 5),
(359, 9, 13),
(360, 9, 7),
(361, 46, 13),
(362, 46, 7),
(373, 7, 16),
(403, 802, 7),
(404, 802, 13),
(411, 5, 4),
(416, 20, 4),
(417, 21, 4),
(418, 22, 4),
(419, 23, 4),
(435, 47, 19),
(436, 47, 7),
(437, 48, 19),
(438, 48, 7),
(439, 49, 19),
(440, 49, 7),
(441, 804, 7),
(442, 804, 18),
(443, 805, 7),
(444, 805, 18),
(461, 798, 12),
(462, 798, 7),
(463, 59, 18),
(464, 59, 7),
(465, 803, 18),
(466, 803, 7),
(467, 806, 18),
(468, 806, 7),
(469, 807, 18),
(470, 807, 7),
(471, 774, 1),
(472, 778, 1),
(473, 777, 1),
(474, 789, 1),
(475, 790, 1),
(476, 799, 6),
(477, 800, 6),
(478, 801, 6),
(483, 808, 7),
(484, 808, 18),
(489, 809, 7),
(490, 809, 18),
(501, 811, 7),
(502, 811, 18),
(507, 812, 7),
(508, 812, 18),
(519, 58, 20),
(520, 58, 7),
(521, 813, 20),
(522, 813, 7),
(523, 814, 20),
(524, 814, 7),
(525, 815, 20),
(526, 815, 7),
(527, 816, 20),
(528, 816, 7),
(529, 817, 20),
(530, 817, 7),
(531, 818, 7),
(532, 818, 19),
(533, 54, 7),
(534, 52, 15),
(535, 52, 7),
(536, 53, 15),
(537, 53, 7),
(538, 37, 10),
(539, 37, 7),
(554, 819, 10),
(555, 819, 7),
(560, 820, 7),
(561, 820, 10),
(568, 821, 10),
(569, 821, 7),
(574, 822, 7),
(575, 822, 10),
(586, 824, 7),
(587, 824, 10),
(592, 825, 7),
(593, 825, 10),
(600, 826, 10),
(601, 826, 7),
(603, 827, 10),
(604, 827, 7),
(613, 829, 10),
(614, 829, 7),
(625, 823, 10),
(626, 823, 7),
(627, 830, 10),
(628, 830, 7),
(629, 831, 10),
(630, 831, 7),
(631, 832, 10),
(632, 832, 7),
(633, 833, 10),
(634, 833, 7),
(639, 834, 7),
(640, 834, 10),
(645, 835, 7),
(646, 835, 10),
(651, 836, 7),
(652, 836, 10),
(659, 837, 10),
(660, 837, 7),
(667, 838, 10),
(668, 838, 7),
(722, 34, 3),
(723, 35, 3),
(724, 2, 3),
(725, 11, 3),
(726, 12, 3),
(727, 13, 3),
(736, 14, 3),
(739, 36, 3),
(740, 19, 3),
(741, 15, 3),
(743, 16, 3),
(745, 17, 3),
(746, 18, 3),
(747, 62, 2),
(748, 62, 17),
(749, 64, 2),
(750, 64, 17),
(751, 842, 2),
(752, 842, 17),
(753, 843, 2),
(754, 843, 17),
(755, 844, 2),
(756, 844, 17),
(757, 845, 2),
(758, 845, 17),
(759, 840, 2),
(760, 840, 17),
(761, 839, 2),
(762, 839, 17),
(763, 63, 2),
(764, 63, 17),
(768, 846, 3),
(771, 847, 3),
(774, 848, 3),
(777, 849, 3),
(780, 850, 3),
(783, 851, 3),
(786, 852, 3),
(789, 853, 3),
(792, 854, 3),
(795, 855, 3),
(798, 856, 3),
(801, 857, 3),
(804, 858, 3),
(807, 859, 3),
(810, 860, 3),
(813, 861, 3),
(816, 862, 3),
(819, 863, 3),
(823, 864, 3),
(826, 865, 3);
/*!40000 ALTER TABLE `msb_s2f` ENABLE KEYS */;
UNLOCK TABLES;

--
-- Dumping data for table `msb_s2o`
--

LOCK TABLES `msb_s2o` WRITE;
/*!40000 ALTER TABLE `msb_s2o` DISABLE KEYS */;
INSERT INTO `msb_s2o` (`id`, `organism_id`, `sequence_id`) VALUES
(43, 31, 51),
(47, 34, 57),
(48, 35, 57),
(65, 39, 24),
(66, 39, 25),
(68, 39, 27),
(69, 39, 28),
(71, 39, 30),
(75, 40, 775),
(76, 41, 775),
(102, 39, 779),
(105, 39, 780),
(109, 42, 1),
(115, 42, 782),
(131, 42, 785),
(132, 42, 784),
(133, 42, 783),
(136, 42, 786),
(141, 42, 787),
(167, 39, 26),
(168, 43, 26),
(169, 41, 26),
(170, 39, 29),
(171, 43, 29),
(172, 41, 29),
(173, 39, 781),
(174, 43, 781),
(175, 41, 781),
(178, 39, 31),
(179, 43, 31),
(180, 40, 31),
(181, 41, 31),
(182, 39, 776),
(183, 43, 776),
(184, 40, 776),
(185, 41, 776),
(191, 39, 791),
(192, 41, 791),
(193, 41, 792),
(194, 41, 793),
(195, 44, 8),
(199, 45, 33),
(203, 45, 32),
(204, 45, 796),
(205, 45, 3),
(207, 47, 40),
(208, 47, 41),
(209, 47, 42),
(212, 3, 38),
(213, 4, 38),
(214, 1, 38),
(215, 5, 38),
(216, 4, 39),
(217, 6, 39),
(218, 38, 61),
(241, 7, 44),
(242, 8, 44),
(243, 9, 44),
(244, 10, 44),
(245, 11, 44),
(246, 12, 44),
(247, 13, 44),
(248, 7, 43),
(249, 8, 43),
(250, 10, 43),
(251, 12, 43),
(252, 37, 60),
(254, 48, 9),
(255, 48, 46),
(281, 48, 802),
(282, 51, 5),
(287, 51, 20),
(288, 51, 21),
(289, 51, 22),
(290, 51, 23),
(292, 7, 47),
(293, 8, 47),
(294, 14, 47),
(295, 15, 47),
(296, 16, 47),
(297, 13, 47),
(298, 17, 47),
(299, 18, 47),
(300, 19, 47),
(301, 20, 47),
(302, 21, 47),
(303, 22, 47),
(304, 23, 48),
(305, 24, 48),
(306, 25, 48),
(307, 26, 48),
(308, 8, 49),
(309, 27, 49),
(310, 11, 49),
(311, 12, 49),
(312, 28, 49),
(313, 29, 49),
(322, 52, 59),
(323, 52, 803),
(324, 52, 806),
(325, 52, 807),
(326, 39, 774),
(327, 39, 778),
(328, 41, 778),
(329, 39, 777),
(330, 39, 789),
(331, 43, 789),
(332, 41, 789),
(333, 39, 790),
(334, 41, 790),
(335, 45, 799),
(336, 45, 800),
(337, 45, 801),
(340, 52, 808),
(343, 52, 809),
(349, 52, 811),
(352, 52, 812),
(358, 53, 58),
(359, 53, 813),
(360, 53, 814),
(361, 53, 815),
(362, 33, 54),
(363, 1, 37),
(364, 2, 37),
(387, 5, 823),
(388, 5, 830),
(389, 5, 831),
(390, 5, 832),
(391, 5, 833),
(396, 54, 2),
(397, 54, 11),
(398, 54, 12),
(399, 54, 13),
(408, 54, 14),
(411, 54, 36),
(412, 54, 19),
(413, 54, 15),
(415, 54, 16),
(417, 54, 17),
(418, 54, 18),
(419, 55, 62),
(420, 55, 64),
(421, 55, 842),
(422, 55, 843),
(423, 55, 844),
(424, 55, 845),
(425, 56, 840),
(426, 56, 839),
(427, 55, 63),
(431, 54, 846),
(434, 54, 847),
(438, 54, 848),
(441, 54, 849),
(444, 54, 850),
(447, 54, 851),
(450, 54, 852),
(453, 54, 853),
(456, 54, 854),
(459, 54, 855),
(462, 54, 856),
(465, 54, 857),
(468, 54, 858),
(471, 54, 859),
(474, 54, 860),
(477, 54, 861),
(480, 54, 862),
(483, 54, 863),
(487, 54, 864),
(490, 54, 865);
/*!40000 ALTER TABLE `msb_s2o` ENABLE KEYS */;
UNLOCK TABLES;

--
-- Dumping data for table `msb_sequence`
--

LOCK TABLES `msb_sequence` WRITE;
/*!40000 ALTER TABLE `msb_sequence` DISABLE KEYS */;
INSERT INTO `msb_sequence` (`id`, `n_modification_id`, `c_modification_id`, `b_modification_id`, `container_id`, `sequence_type`, `sequence_name`, `sequence`, `sequence_original`, `sequence_formula`, `sequence_mass`, `sequence_smiles`, `usmiles`, `source`, `identifier`, `decays`, `unique_block_count`, `block_count`) VALUES
(1, NULL, NULL, NULL, 1, 'cyclic', 'beauverolide I (roman numeral)', '[C8:0-Me(4)-OH(3)]-[Phe]-[Ala]-[Leu]', '[0]-[1]-[2]-[3]', 'C27H41N3O5', 487.304621, 'CCCCC(C)C1CC(=O)NC(CC2=CC=CC=C2)C(=O)NC(C)C(=O)NC(CC(C)C)C(=O)O1', 'CCCCC(C)C1CC(=O)NC(CC2=CC=CC=C2)C(=O)NC(C)C(=O)NC(CC(C)C)C(=O)O1', 0, '9805481', '[9,20,25,33]', 4, 4),
(2, NULL, NULL, NULL, 1, 'cyclic', 'cyclosporin A', '[Ala]-[NMe-Leu]-[NMe-Leu]-[NMe-Val]-[NMe-Bmt]-[Abu]-[NMe-Gly]-[NMe-Leu]-[Val]-[NMe-Leu]-[Ala]', '[0]-[1]-[2]-[3]-[4]-[5]-[6]-[7]-[8]-[9]-[10]', 'C62H111N11O12', 1201.841368, 'CCC1C(=O)N(CC(=O)N(C(C(=O)NC(C(=O)N(C(C(=O)NC(C(=O)NC(C(=O)N(C(C(=O)N(C(C(=O)N(C(C(=O)N(C(C(=O)N1)C(C(C)CC=CC)O)C)C(C)C)C)CC(C)C)C)CC(C)C)C)C)C)CC(C)C)C)C(C)C)CC(C)C)C)C', 'CCC1NC(=O)C(C(O)C(C)CC=CC)N(C)C(=O)C(C(C)C)N(C)C(=O)C(CC(C)C)N(C)C(=O)C(CC(C)C)N(C)C(=O)C(C)NC(=O)C(C)NC(=O)C(CC(C)C)N(C)C(=O)C(NC(=O)C(CC(C)C)N(C)C(=O)CN(C)C1=O)C(C)C', 0, '5284373', '[4,8,12,16,20,24,28,32,36,40,44]', 7, 11),
(3, 4, 3, NULL, 1, 'linear', 'gramicidin C (Val)', '[Val]-[Gly]-[Ala]-[Leu]-[Ala]-[Val]-[Val]-[Val]-[Trp]-[Leu]-[Tyr]-[Leu]-[Trp]-[Leu]-[Trp]', '[1]-[2]-[3]-[4]-[5]-[6]-[7]-[8]-[9]-[10]-[11]-[12]-[13]-[14]-[15]', 'C97H139N19O18', 1858.054549, '[H]C(NC(=O)C(NC=O)C(C)C)C(=O)NC(C)C(=O)NC(CC(C)C)C(=O)NC(C)C(=O)NC(C(C)C)C(=O)NC(C(C)C)C(=O)NC(C(C)C)C(=O)NC(CC1=CNC2=C1C=CC=C2)C(=O)NC(CC(C)C)C(=O)NC(CC1=CC=C(O)C=C1)C(=O)NC(CC(C)C)C(=O)NC(CC1=CNC2=C1C=CC=C2)C(=O)NC(CC(C)C)C(=O)NC(CC1=CNC2=C1C=CC=C2)C(=O)NCCO', '[H]C(NC(=O)C(NC=O)C(C)C)C(=O)NC(C)C(=O)NC(CC(C)C)C(=O)NC(C)C(=O)NC(C(C)C)C(=O)NC(C(C)C)C(=O)NC(C(C)C)C(=O)NC(CC1=CNC2=C1C=CC=C2)C(=O)NC(CC(C)C)C(=O)NC(CC1=CC=C(O)C=C1)C(=O)NC(CC(C)C)C(=O)NC(CC1=CNC2=C1C=CC=C2)C(=O)NC(CC(C)C)C(=O)NC(CC1=CNC2=C1C=CC=C2)C(=O)NCCO', 0, '16170154', '[2,13,18,26,31,38,45,52,66,74,86,94,108,116,130]', 6, 15),
(4, NULL, NULL, NULL, 1, 'branched', 'pseudacyclin A (linearized)', '[NAc-Ile]\\([Orn]-[Ile]-[Ile]-[Pro]\\)[Phe]', '[0]\\([1]-[2]-[3]-[4]\\)[5]', 'C39H63N7O8', 757.4738120355, 'CCC(C)C(C(=O)NC(CCCNC(=O)C(C(C)CC)NC(=O)C(C(C)CC)NC(=O)C1CCCN1)C(=O)NC(CC2=CC=CC=C2)C(=O)O)NC(=O)C', 'CCC(C)C(NC(=O)C(NC(=O)C1CCCN1)C(C)CC)C(=O)NCCCC(NC(=O)C(NC(C)=O)C(C)CC)C(=O)NC(CC2=CC=CC=C2)C(O)=O', 0, '133052596', '[6,12,20,28,37]', 5, 6),
(5, NULL, NULL, NULL, 1, 'branch-cyclic', 'pseudacyclin A', '[Ile]-[Ile]\\([Orn]-[NAc-Ile]\\)[Phe]-[Pro]', '[0]-[1]\\([2]-[3]\\)[4]-[5]', 'C39H61N7O7', 739.463247, 'CCC(C)C1C(=O)NC(C(=O)NCCCC(C(=O)NC(C(=O)N2CCCC2C(=O)N1)CC3=CC=CC=C3)NC(=O)C(C(C)CC)NC(=O)C)C(C)CC', 'CCC(C)C1NC(=O)C(NC(=O)C2CCCN2C(=O)C(CC3=CC=CC=C3)NC(=O)C(CCCNC1=O)NC(=O)C(NC(C)=O)C(C)CC)C(C)CC', 0, '46848855', '[6,10,17,21,28,37]', 5, 6),
(7, NULL, NULL, NULL, 1, 'cyclic', 'surfactin C', '[C14:0-Me(13)-OH(3)]-[Glu]-[Leu]-[Leu]-[Val]-[Asp]-[Leu]-[Leu]', '[0]-[1]-[2]-[3]-[4]-[5]-[6]-[7]', 'C53H93N7O13', 1035.683136109, 'CC(C)CCCCCCCCCC1CC(=O)NC(C(=O)NC(C(=O)NC(C(=O)NC(C(=O)NC(C(=O)NC(C(=O)NC(C(=O)O1)CC(C)C)CC(C)C)CC(=O)O)C(C)C)CC(C)C)CC(C)C)CCC(=O)O', 'CC(C)CCCCCCCCCC1CC(=O)NC(CCC(O)=O)C(=O)NC(CC(C)C)C(=O)NC(CC(C)C)C(=O)NC(C(C)C)C(=O)NC(CC(O)=O)C(=O)NC(CC(C)C)C(=O)NC(CC(C)C)C(=O)O1', 0, '443592', '[15,19,23,27,31,35,39,43]', 5, 8),
(8, NULL, NULL, NULL, 1, 'cyclic', 'valinomycin', '[Lac]-[Val]-[Hiv]-[Val]-[Lac]-[Val]-[Hiv]-[Val]-[Lac]-[Val]-[Hiv]-[Val]', '[0]-[1]-[2]-[3]-[4]-[5]-[6]-[7]-[8]-[9]-[10]-[11]', 'C54H90N6O18', 1110.63116, 'CC1C(=O)NC(C(=O)OC(C(=O)NC(C(=O)OC(C(=O)NC(C(=O)OC(C(=O)NC(C(=O)OC(C(=O)NC(C(=O)OC(C(=O)NC(C(=O)O1)C(C)C)C(C)C)C(C)C)C)C(C)C)C(C)C)C(C)C)C)C(C)C)C(C)C)C(C)C', 'CC(C)C1NC(=O)C(C)OC(=O)C(NC(=O)C(OC(=O)C(NC(=O)C(C)OC(=O)C(NC(=O)C(OC(=O)C(NC(=O)C(C)OC(=O)C(NC(=O)C(OC1=O)C(C)C)C(C)C)C(C)C)C(C)C)C(C)C)C(C)C)C(C)C)C(C)C', 0, '3000706', '[3,7,11,15,19,23,27,31,35,39,43,47]', 3, 12),
(9, NULL, NULL, NULL, 1, 'branch-cyclic', 'pyoverdin D', '[Thr]-[Thr]\\([Lys]-[Fo-OH-Orn]-[Ser]-[Arg]-[Ser]-[ChrPaA]-[Succ]\\)[Fo-OH-Orn]', '[0]-[1]\\([2]-[3]-[4]-[5]-[6]-[7]-[8]\\)[9]', 'C55H83N17O22', 1333.589857, 'CC(C1C(=O)NC(C(=O)NCCCCC(C(=O)NC(C(=O)N1)CCCN(C=O)O)NC(=O)C(CCCN(C=O)O)NC(=O)C(CO)NC(=O)C(CCCN=C(N)N)NC(=O)C(CO)NC(=O)C2CCNC3=C(C=C4C=C(C(=O)C=C4N23)O)NC(=O)CCC(=O)O)C(C)O)O', 'CC(O)C1NC(=O)C(NC(=O)C(CCCN(O)C=O)NC(=O)C(CCCCNC1=O)NC(=O)C(CCCN(O)C=O)NC(=O)C(CO)NC(=O)C(CCCN=C(N)N)NC(=O)C(CO)NC(=O)C2CCNC3=C(NC(=O)CCC(O)=O)C=C4C=C(O)C(=O)C=C4N233)C(C)O', 0, '74089747', '[4,8,16,20,29,40,46,57,63,82]', 7, 10),
(11, NULL, NULL, NULL, 1, 'cyclic', 'cyclosporin B', '[Ala]-[NMe-Leu]-[NMe-Leu]-[NMe-Val]-[NMe-Bmt]-[Ala]-[NMe-Gly]-[NMe-Leu]-[Val]-[NMe-Leu]-[Ala]', '[0]-[1]-[2]-[3]-[4]-[5]-[6]-[7]-[8]-[9]-[10]', 'C61H109N11O12', 1188.5847, 'CC=CCC(C)C(O)C1C(=O)NC(C)C(=O)N(C)CC(=O)N(C)C(CC(C)C)C(=O)NC(C(C)C)C(=O)N(C)C(CC(C)C)C(=O)NC(C)C(=O)NC(C)C(=O)N(C)C(CC(C)C)C(=O)N(C)C(CC(C)C)C(=O)N(C)C(C(C)C)C(=O)N1(C)', 'CC=CCC(C)C(O)C1N(C)C(=O)C(C(C)C)N(C)C(=O)C(CC(C)C)N(C)C(=O)C(CC(C)C)N(C)C(=O)C(C)NC(=O)C(C)NC(=O)C(CC(C)C)N(C)C(=O)C(NC(=O)C(CC(C)C)N(C)C(=O)CN(C)C(=O)C(C)NC1=O)C(C)C', 0, '53398691', '[10,15,20,29,36,45,50,55,64,73,81]', 6, 11),
(12, NULL, NULL, NULL, 1, 'cyclic', 'cyclosporin C', '[Ala]-[NMe-Leu]-[NMe-Leu]-[NMe-Val]-[NMe-Bmt]-[Thr]-[NMe-Gly]-[NMe-Leu]-[Val]-[NMe-Leu]-[Ala]', '[0]-[1]-[2]-[3]-[4]-[5]-[6]-[7]-[8]-[9]-[10]', 'C62H111N11O13', 1218.6106, 'CC=CCC(C)C(O)C1C(=O)NC(C(C)O)C(=O)N(C)CC(=O)N(C)C(CC(C)C)C(=O)NC(C(C)C)C(=O)N(C)C(CC(C)C)C(=O)NC(C)C(=O)NC(C)C(=O)N(C)C(CC(C)C)C(=O)N(C)C(CC(C)C)C(=O)N(C)C(C(C)C)C(=O)N1(C)', 'CC=CCC(C)C(O)C1N(C)C(=O)C(C(C)C)N(C)C(=O)C(CC(C)C)N(C)C(=O)C(CC(C)C)N(C)C(=O)C(C)NC(=O)C(C)NC(=O)C(CC(C)C)N(C)C(=O)C(NC(=O)C(CC(C)C)N(C)C(=O)CN(C)C(=O)C(NC1=O)C(C)O)C(C)C', 0, '53395167', '[10,17,22,31,38,47,52,57,66,75,83]', 7, 11),
(13, NULL, NULL, NULL, 1, 'cyclic', 'cyclosporin D', '[Ala]-[NMe-Leu]-[NMe-Leu]-[NMe-Val]-[NMe-Bmt]-[Val]-[NMe-Gly]-[NMe-Leu]-[Val]-[NMe-Leu]-[Ala]', '[0]-[1]-[2]-[3]-[4]-[5]-[6]-[7]-[8]-[9]-[10]', 'C63H113N11O12', 1216.6378, 'CC=CCC(C)C(O)C1C(=O)NC(C(C)C)C(=O)N(C)CC(=O)N(C)C(CC(C)C)C(=O)NC(C(C)C)C(=O)N(C)C(CC(C)C)C(=O)NC(C)C(=O)NC(C)C(=O)N(C)C(CC(C)C)C(=O)N(C)C(CC(C)C)C(=O)N(C)C(C(C)C)C(=O)N1(C)', 'CC=CCC(C)C(O)C1N(C)C(=O)C(C(C)C)N(C)C(=O)C(CC(C)C)N(C)C(=O)C(CC(C)C)N(C)C(=O)C(C)NC(=O)C(C)NC(=O)C(CC(C)C)N(C)C(=O)C(NC(=O)C(CC(C)C)N(C)C(=O)CN(C)C(=O)C(NC1=O)C(C)C)C(C)C', 0, '53395177', '[10,17,22,31,38,47,52,57,66,75,83]', 6, 11),
(14, NULL, NULL, NULL, 1, 'cyclic', 'cyclosporin E', '[Ala]-[NMe-Leu]-[NMe-Leu]-[Val]-[NMe-Bmt]-[Abu]-[NMe-Gly]-[NMe-Leu]-[Val]-[NMe-Leu]-[Ala]', '[0]-[1]-[2]-[3]-[4]-[5]-[6]-[7]-[8]-[9]-[10]', 'C61H109N11O12', 1187.825718, 'CC=CCC(C)C(O)C1C(=O)NC(CC)C(=O)N(C)CC(=O)N(C)C(CC(C)C)C(=O)NC(C(C)C)C(=O)N(C)C(CC(C)C)C(=O)NC(C)C(=O)NC(C)C(=O)N(C)C(CC(C)C)C(=O)N(C)C(CC(C)C)C(=O)NC(C(C)C)C(=O)N1(C)', 'CCC1NC(=O)C(C(O)C(C)CC=CC)N(C)C(=O)C(NC(=O)C(CC(C)C)N(C)C(=O)C(CC(C)C)N(C)C(=O)C(C)NC(=O)C(C)NC(=O)C(CC(C)C)N(C)C(=O)C(NC(=O)C(CC(C)C)N(C)C(=O)CN(C)C1=O)C(C)C)C(C)C', 0, '75015855', '[10,16,21,30,37,46,51,56,65,74,81]', 6, 11),
(15, NULL, NULL, NULL, 1, 'cyclic', 'cyclosporin F', '[Ala]-[NMe-Leu]-[NMe-Leu]-[NMe-Val]-[dNMe-Bmt]-[Abu]-[NMe-Gly]-[NMe-Leu]-[Val]-[NMe-Leu]-[Ala]', '[0]-[1]-[2]-[3]-[4]-[5]-[6]-[7]-[8]-[9]-[10]', 'C62H111N11O11', 1185.8464534634, 'CCC1NC(=O)C(CC(C)CC=CC)N(C)C(=O)C(C(C)C)N(C)C(=O)C(CC(C)C)N(C)C(=O)C(CC(C)C)N(C)C(=O)C(C)NC(=O)C(C)NC(=O)C(CC(C)C)N(C)C(=O)C(NC(=O)C(CC(C)C)N(C)C(=O)CN(C)C1=O)C(C)C', 'CCC1NC(=O)C(CC(C)CC=CC)N(C)C(=O)C(C(C)C)N(C)C(=O)C(CC(C)C)N(C)C(=O)C(CC(C)C)N(C)C(=O)C(C)NC(=O)C(C)NC(=O)C(CC(C)C)N(C)C(=O)C(NC(=O)C(CC(C)C)N(C)C(=O)CN(C)C1=O)C(C)C', 1, '4953086', '[3,15,23,32,41,46,51,60,64,73,78]', 7, 11),
(16, NULL, NULL, NULL, 1, 'cyclic', 'cyclosporin G', '[Ala]-[NMe-Leu]-[NMe-Leu]-[NMe-Val]-[NMe-Bmt]-[Nva]-[NMe-Gly]-[NMe-Leu]-[Val]-[NMe-Leu]-[Ala]', '[0]-[1]-[2]-[3]-[4]-[5]-[6]-[7]-[8]-[9]-[10]', 'C63H113N11O12', 1216.6378, 'CC=CCC(C)C(O)C1C(=O)NC(CCC)C(=O)N(C)CC(=O)N(C)C(CC(C)C)C(=O)NC(C(C)C)C(=O)N(C)C(CC(C)C)C(=O)NC(C)C(=O)NC(C)C(=O)N(C)C(CC(C)C)C(=O)N(C)C(CC(C)C)C(=O)N(C)C(C(C)C)C(=O)N1(C)', 'CCCC1NC(=O)C(C(O)C(C)CC=CC)N(C)C(=O)C(C(C)C)N(C)C(=O)C(CC(C)C)N(C)C(=O)C(CC(C)C)N(C)C(=O)C(C)NC(=O)C(C)NC(=O)C(CC(C)C)N(C)C(=O)C(NC(=O)C(CC(C)C)N(C)C(=O)CN(C)C1=O)C(C)C', 0, '68924', '[10,17,22,31,38,47,52,57,66,75,83]', 7, 11),
(17, NULL, NULL, NULL, 1, 'cyclic', 'cyclosporin H', '[Ala]-[NMe-Leu]-[NMe-Leu]-[NMe-Val]-[NMe-Bmt]-[Abu]-[NMe-Gly]-[NMe-Leu]-[Val]-[NMe-Leu]-[Ala]', '[0]-[1]-[2]-[3]-[4]-[5]-[6]-[7]-[8]-[9]-[10]', 'C62H111N11O12', 1202.6112, 'CC=CCC(C)C(O)C1C(=O)NC(CC)C(=O)N(C)CC(=O)N(C)C(CC(C)C)C(=O)NC(C(C)C)C(=O)N(C)C(CC(C)C)C(=O)NC(C)C(=O)NC(C)C(=O)N(C)C(CC(C)C)C(=O)N(C)C(CC(C)C)C(=O)N(C)C(C(C)C)C(=O)N1(C)', 'CCC1NC(=O)C(C(O)C(C)CC=CC)N(C)C(=O)C(C(C)C)N(C)C(=O)C(CC(C)C)N(C)C(=O)C(CC(C)C)N(C)C(=O)C(C)NC(=O)C(C)NC(=O)C(CC(C)C)N(C)C(=O)C(NC(=O)C(CC(C)C)N(C)C(=O)CN(C)C1=O)C(C)C', 1, '4978035', '[10,16,21,30,37,46,51,56,65,74,82]', 7, 11),
(18, NULL, NULL, NULL, 1, 'cyclic', 'cyclosporin I', '[Ala]-[NMe-Leu]-[Leu]-[NMe-Val]-[NMe-Bmt]-[Val]-[NMe-Gly]-[NMe-Leu]-[Val]-[NMe-Leu]-[Ala]', '[0]-[1]-[2]-[3]-[4]-[5]-[6]-[7]-[8]-[9]-[10]', 'C62H111N11O12', 1201.841368, 'CC=CCC(C)C(O)C1N(C)C(=O)C(C(C)C)N(C)C(=O)C(CC(C)C)NC(=O)C(CC(C)C)N(C)C(=O)C(C)NC(=O)C(C)NC(=O)C(CC(C)C)N(C)C(=O)C(NC(=O)C(CC(C)C)N(C)C(=O)CN(C)C(=O)C(NC1=O)C(C)C)C(C)C', 'CC=CCC(C)C(O)C1N(C)C(=O)C(C(C)C)N(C)C(=O)C(CC(C)C)NC(=O)C(CC(C)C)N(C)C(=O)C(C)NC(=O)C(C)NC(=O)C(CC(C)C)N(C)C(=O)C(NC(=O)C(CC(C)C)N(C)C(=O)CN(C)C(=O)C(NC1=O)C(C)C)C(C)C', 1, '30809566', '[10,18,26,35,40,45,54,58,67,72,76]', 7, 11),
(19, NULL, NULL, NULL, 1, 'cyclic', 'cyclosporin L', '[Ala]-[NMe-Leu]-[NMe-Leu]-[NMe-Val]-[Bmt]-[Abu]-[NMe-Gly]-[NMe-Leu]-[Val]-[NMe-Leu]-[Ala]', '[0]-[1]-[2]-[3]-[4]-[5]-[6]-[7]-[8]-[9]-[10]', 'C61H109N11O12', 1187.825718, 'CCC1C(=O)N(CC(=O)N(C(C(=O)NC(C(=O)N(C(C(=O)NC(C(=O)NC(C(=O)N(C(C(=O)N(C(C(=O)N(C(C(=O)NC(C(=O)N1)C(C(C)CC=CC)O)C(C)C)C)CC(C)C)C)CC(C)C)C)C)C)CC(C)C)C)C(C)C)CC(C)C)C)C', 'CCC1NC(=O)C(NC(=O)C(C(C)C)N(C)C(=O)C(CC(C)C)N(C)C(=O)C(CC(C)C)N(C)C(=O)C(C)NC(=O)C(C)NC(=O)C(CC(C)C)N(C)C(=O)C(NC(=O)C(CC(C)C)N(C)C(=O)CN(C)C1=O)C(C)C)C(O)C(C)CC=CC', 0, '75015913', '[4,8,12,16,20,24,28,32,36,40,44]', 7, 11),
(20, NULL, NULL, NULL, 1, 'branch-cyclic', 'pseudacyclin B', '\\([Orn]-[NAc-Ile]\\)[Phe]-[Pro]-[Ile]-[Val]', '\\([0]-[1]\\)[2]-[3]-[4]-[5]', 'C38H59N7O7', 725.91776, 'CCC(C)C(NC(C)=O)C(=O)NC1CCCNC(=O)C(NC(=O)C(NC(=O)C2CCCN2C(=O)C(CC3=CC=CC=C3)NC1=O)C(C)CC)C(C)C', 'CCC(C)C(NC(C)=O)C(=O)NC1CCCNC(=O)C(NC(=O)C(NC(=O)C2CCCN2C(=O)C(CC3=CC=CC=C3)NC1=O)C(C)CC)C(C)C', 0, '75081503', '[10,16,20,24,31,42]', 6, 6),
(21, NULL, NULL, NULL, 1, 'branch-cyclic', 'pseudacyclin C', '[Ile]-[Ile]\\([Orn]-[NAc-NMe-Ile]\\)[Phe]-[Pro]', '[0]-[1]\\([2]-[3]\\)[4]-[5]', 'C40H63N7O7', 753.97092, 'CCC(C)C1C(=O)NC(C(=O)NCCCC(C(=O)NC(C(=O)N2CCCC2C(=O)N1)CC3=CC=CC=C3)NC(=O)C(C(C)CC)N(C)C(=O)C)C(C)CC', 'CCC(C)C1NC(=O)C(NC(=O)C2CCCN2C(=O)C(CC3=CC=CC=C3)NC(=O)C(CCCNC1=O)NC(=O)C(C(C)CC)N(C)C(C)=O)C(C)CC', 0, '75081505', '[6,10,17,21,28,37]', 5, 6),
(22, NULL, NULL, NULL, 1, 'branch-cyclic', 'pseudacyclin D', '[Ile]\\([Orn]-[NAc-Val]\\)[Phe]-[Pro]-[Ile]', '[0]\\([1]-[2]\\)[3]-[4]-[5]', 'C38H59N7O7', 725.91776, 'CCC(C)C1NC(=O)C(NC(=O)C2CCCN2C(=O)C(CC3=CC=CC=C3)NC(=O)C(CCCNC1=O)NC(=O)C(NC(C)=O)C(C)C)C(C)CC', 'CCC(C)C1NC(=O)C(NC(=O)C2CCCN2C(=O)C(CC3=CC=CC=C3)NC(=O)C(CCCNC1=O)NC(=O)C(NC(C)=O)C(C)C)C(C)CC', 0, '75081542', '[5,9,16,27,34,37]', 5, 6),
(23, NULL, NULL, NULL, 1, 'branch-cyclic', 'pseudacyclin E', '[Ile]-[Val]\\([Orn]-[NAc-Val]\\)[Phe]-[Pro]', '[0]-[1]\\([2]-[3]\\)[4]-[5]', 'C37H57N7O7', 711.89118, 'CCC(C)C1NC(=O)C2CCCN2C(=O)C(CC3=CC=CC=C3)NC(=O)C(CCCNC(=O)C(NC1=O)C(C)C)NC(=O)C(NC(C)=O)C(C)C', 'CCC(C)C1NC(=O)C2CCCN2C(=O)C(CC3=CC=CC=C3)NC(=O)C(CCCNC(=O)C(NC1=O)C(C)C)NC(=O)C(NC(C)=O)C(C)C', 0, '75081504', '[5,12,23,30,34,40]', 6, 6),
(24, NULL, NULL, NULL, 1, 'cyclic', 'beauverolide A', '[C10:0-Me(4)-OH(3)]-[Phe]-[Val]-[Val]', '[0]-[1]-[2]-[3]', 'C30H47N3O5', 529.351572, 'CCCCCCC(C)C1CC(=O)NC(CC2=CC=CC=C2)C(=O)NC(C(C)C)C(=O)NC(C(C)C)C(=O)O1', 'CCCCCCC(C)C1CC(=O)NC(CC2=CC=CC=C2)C(=O)NC(C(C)C)C(=O)NC(C(C)C)C(=O)O1', 0, '152771958', '[11,22,29,36]', 3, 4),
(25, NULL, NULL, NULL, 1, 'cyclic', 'beauverolide B', '[C10:0-Me(4)-OH(3)]-[Val]-[Phe]-[Ile]', '[0]-[1]-[2]-[3]', 'C31H49N3O5', 543.367222, 'CCCCCCC(C)C1CC(=O)NC(C(C)C)C(=O)NC(CC2=CC=CC=C2)C(=O)NC(C(C)CC)C(=O)O1', 'CCCCCCC(C)C1CC(=O)NC(C(C)C)C(=O)NC(CC2=CC=CC=C2)C(=O)NC(C(C)CC)C(=O)O1', 0, '152771959', '[11,18,29,37]', 4, 4),
(26, NULL, NULL, NULL, 1, 'cyclic', 'beauverolide C', '[C10:0-Me(4)-OH(3)]-[Phe]-[Phe]-[Ile]', '[0]-[1]-[2]-[3]', 'C35H49N3O5', 591.367222, 'CCCCCCC(C)C1CC(=O)NC(CC2=CC=CC=C2)C(=O)NC(CC3=CC=CC=C3)C(=O)NC(C(C)CC)C(=O)O1', 'CCCCCCC(C)C1CC(=O)NC(CC2=CC=CC=C2)C(=O)NC(CC3=CC=CC=C3)C(=O)NC(C(C)CC)C(=O)O1', 0, '152771960', '[11,22,33,41]', 3, 4),
(27, NULL, NULL, NULL, 1, 'cyclic', 'beauverolide D', '[C8:0-Me(4)-OH(3)]-[Phe]-[Val]-[Val]', '[0]-[1]-[2]-[3]', 'C28H43N3O5', 501.320272, 'CCCCC(C)C1CC(=O)NC(CC2=CC=CC=C2)C(=O)NC(C(C)C)C(=O)NC(C(C)C)C(=O)O1', 'CCCCC(C)C1CC(=O)NC(CC2=CC=CC=C2)C(=O)NC(C(C)C)C(=O)NC(C(C)C)C(=O)O1', 0, '152771961', '[9,20,27,34]', 3, 4),
(28, NULL, NULL, NULL, 1, 'cyclic', 'beauverolide E', '[C8:0-Me(4)-OH(3)]-[Val]-[Phe]-[Ile]', '[0]-[1]-[2]-[3]', 'C29H45N3O5', 515.335922, 'CCCCC(C)C1CC(=O)NC(C(C)C)C(=O)NC(CC2=CC=CC=C2)C(=O)NC(C(C)CC)C(=O)O1', 'CCCCC(C)C1CC(=O)NC(C(C)C)C(=O)NC(CC2=CC=CC=C2)C(=O)NC(C(C)CC)C(=O)O1', 0, '11249325', '[9,16,27,35]', 4, 4),
(29, NULL, NULL, NULL, 1, 'cyclic', 'beauverolide F', '[C8:0-Me(4)-OH(3)]-[Phe]-[Phe]-[Ile]', '[0]-[1]-[2]-[3]', 'C33H45N3O5', 563.335922, 'CCCCC(C)C1CC(=O)NC(CC2=CC=CC=C2)C(=O)NC(CC3=CC=CC=C3)C(=O)NC(C(C)CC)C(=O)O1', 'CCCCC(C)C1CC(=O)NC(CC2=CC=CC=C2)C(=O)NC(CC3=CC=CC=C3)C(=O)NC(C(C)CC)C(=O)O1', 0, '152771962', '[9,20,31,39]', 3, 4),
(30, NULL, NULL, NULL, 1, 'cyclic', 'beauverolide H', '[C9:0-OH(3)]-[Phe]-[Ala]-[Leu]', '[0]-[1]-[2]-[3]', 'C27H41N3O5', 487.304621, 'CCCCCCC1CC(=O)NC(CC2=CC=CC=C2)C(=O)NC(C)C(=O)NC(CC(C)C)C(=O)O1', 'CCCCCCC1CC(=O)NC(CC2=CC=CC=C2)C(=O)NC(C)C(=O)NC(CC(C)C)C(=O)O1', 0, '194155', '[9,20,25,33]', 4, 4),
(31, NULL, NULL, NULL, 1, 'cyclic', 'beauverolide L', '[C10:0-Me(4)-OH(3)]-[Phe]-[Ala]-[Leu]', '[0]-[1]-[2]-[3]', 'C29H45N3O5', 515.335922, 'CCCCCCC(C)C1CC(=O)NC(CC2=CC=CC=C2)C(=O)NC(C)C(=O)NC(CC(C)C)C(=O)O1', 'CCCCCCC(C)C1CC(=O)NC(CC2=CC=CC=C2)C(=O)NC(C)C(=O)NC(CC(C)C)C(=O)O1', 0, '139583582', '[11,22,27,35]', 4, 4),
(32, 4, 3, NULL, 1, 'linear', 'gramicidin A (Val)', '[Val]-[Gly]-[Ala]-[Leu]-[Ala]-[Val]-[Val]-[Val]-[Trp]-[Leu]-[Trp]-[Leu]-[Trp]-[Leu]-[Trp]', '[1]-[2]-[3]-[4]-[5]-[6]-[7]-[8]-[9]-[10]-[11]-[12]-[13]-[14]-[15]', 'C99H140N20O17', 1881.0705331737, 'CC(C)CC(C(=O)NC(C)C(=O)NC(C(C)C)C(=O)NC(C(C)C)C(=O)NC(C(C)C)C(=O)NC(CC1=CNC2=CC=CC=C21)C(=O)NC(CC(C)C)C(=O)NC(CC3=CNC4=CC=CC=C43)C(=O)NC(CC(C)C)C(=O)NC(CC5=CNC6=CC=CC=C65)C(=O)NC(CC(C)C)C(=O)NC(CC7=CNC8=CC=CC=C87)C(=O)NCCO)NC(=O)C(C)NC(=O)CNC(=O)C(C(C)C)NC=O', 'CC(C)CC(NC(=O)C(C)NC(=O)CNC(=O)C(NC=O)C(C)C)C(=O)NC(C)C(=O)NC(C(C)C)C(=O)NC(C(C)C)C(=O)NC(C(C)C)C(=O)NC(CC1=CNC2=CC=CC=C12)C(=O)NC(CC(C)C)C(=O)NC(CC3=CNC4=CC=CC=C34)C(=O)NC(CC(C)C)C(=O)NC(CC5=CNC6=CC=CC=C56)C(=O)NC(CC(C)C)C(=O)NC(CC7=CNC8=CC=CC=C78)C(=O)NCCO', 0, '16170150', '[6,11,18,25,32,46,54,68,76,90,98,112,117,122,126]', 5, 15),
(33, NULL, NULL, NULL, 1, 'cyclic', 'gramicidin S', '[Leu]-[Phe]-[Pro]-[Val]-[Orn]-[Leu]-[Phe]-[Pro]-[Val]-[Orn]', '[0]-[1]-[2]-[3]-[4]-[5]-[6]-[7]-[8]-[9]', 'C60H92N12O10', 1140.705937, 'CC(C)CC3NC(=O)C(CCCN)NC(=O)C(NC(=O)C5CCCN5(C(=O)C(Cc1ccccc1)NC(=O)C(CC(C)C)NC(=O)C(CCCN)NC(=O)C(NC(=O)C4CCCN4(C(=O)C(Cc2ccccc2)NC3(=O)))C(C)C))C(C)C', 'CC(C)CC1NC(=O)C(CCCN)NC(=O)C(NC(=O)C2CCCN2C(=O)C(CC3=CC=CC=C3)NC(=O)C(CC(C)C)NC(=O)C(CCCN)NC(=O)C(NC(=O)C4CCCN4C(=O)C(CC5=CC=CC=C5)NC1=O)C(C)C)C(C)C', 0, '73357', '[5,13,17,24,35,43,51,55,62,73]', 5, 10),
(34, NULL, NULL, NULL, 1, 'cyclic', 'cyclosporin J', '[Ala]-[NMe-Leu]-[NMe-Leu]-[NMe-Val]-[NMe-Leu]-[Abu]-[NMe-Gly]-[NMe-Leu]-[Val]-[NMe-Leu]-[Ala]', '[0]-[1]-[2]-[3]-[4]-[5]-[6]-[7]-[8]-[9]-[10]', 'C59H107N11O11', 1145.815153, 'CCC1C(=O)N(CC(=O)N(C(C(=O)NC(C(=O)N(C(C(=O)NC(C(=O)NC(C(=O)N(C(C(=O)N(C(C(=O)N(C(C(=O)N(C(C(=O)N1)CC(C)C)C)C(C)C)C)CC(C)C)C)CC(C)C)C)C)C)CC(C)C)C)C(C)C)CC(C)C)C)C', 'CCC1NC(=O)C(CC(C)C)N(C)C(=O)C(C(C)C)N(C)C(=O)C(CC(C)C)N(C)C(=O)C(CC(C)C)N(C)C(=O)C(C)NC(=O)C(C)NC(=O)C(CC(C)C)N(C)C(=O)C(NC(=O)C(CC(C)C)N(C)C(=O)CN(C)C1=O)C(C)C', 0, '101915962', '[4,8,12,16,20,24,28,32,36,40,44]', 6, 11),
(35, NULL, NULL, NULL, 1, 'cyclic', 'cyclosporin T', '[Ala]-[NMe-Leu]-[Leu]-[NMe-Val]-[NMe-Bmt]-[Abu]-[NMe-Gly]-[NMe-Leu]-[Val]-[NMe-Leu]-[Ala]', '[0]-[1]-[2]-[3]-[4]-[5]-[6]-[7]-[8]-[9]-[10]', 'C61H109N11O12', 1187.825718, 'CCC1C(=O)N(CC(=O)N(C(C(=O)NC(C(=O)N(C(C(=O)NC(C(=O)NC(C(=O)N(C(C(=O)NC(C(=O)N(C(C(=O)N(C(C(=O)N1)C(C(C)CC=CC)O)C)C(C)C)C)CC(C)C)CC(C)C)C)C)C)CC(C)C)C)C(C)C)CC(C)C)C)C', 'CCC1NC(=O)C(C(O)C(C)CC=CC)N(C)C(=O)C(C(C)C)N(C)C(=O)C(CC(C)C)NC(=O)C(CC(C)C)N(C)C(=O)C(C)NC(=O)C(C)NC(=O)C(CC(C)C)N(C)C(=O)C(NC(=O)C(CC(C)C)N(C)C(=O)CN(C)C1=O)C(C)C', 0, '101607770', '[4,8,12,16,20,24,28,32,36,40,44]', 8, 11),
(36, NULL, NULL, NULL, 1, 'cyclic', 'cyclosporin U', '[Ala]-[NMe-Leu]-[NMe-Leu]-[NMe-Val]-[NMe-Bmt]-[Abu]-[NMe-Gly]-[NMe-Leu]-[Val]-[Leu]-[Ala]', '[0]-[1]-[2]-[3]-[4]-[5]-[6]-[7]-[8]-[9]-[10]', 'C61H109N11O12', 1187.825718, 'CCC1C(=O)N(CC(=O)N(C(C(=O)NC(C(=O)NC(C(=O)NC(C(=O)NC(C(=O)N(C(C(=O)N(C(C(=O)N(C(C(=O)N(C(C(=O)N1)C(C(C)CC=CC)O)C)C(C)C)C)CC(C)C)C)CC(C)C)C)C)C)CC(C)C)C(C)C)CC(C)C)C)C', 'CCC1NC(=O)C(C(O)C(C)CC=CC)N(C)C(=O)C(C(C)C)N(C)C(=O)C(CC(C)C)N(C)C(=O)C(CC(C)C)N(C)C(=O)C(C)NC(=O)C(C)NC(=O)C(CC(C)C)NC(=O)C(NC(=O)C(CC(C)C)N(C)C(=O)CN(C)C1=O)C(C)C', 0, '90479532', '[4,8,12,16,20,24,28,32,36,40,44]', 8, 11),
(37, NULL, 1, NULL, 1, 'linear-polyketide', 'desferrioxamine B', '[Hpd]-[Suc]-[Hpd]-[Suc]-[Hpd]', '[0]-[1]-[2]-[3]-[4]', 'C25H48N6O8', 560.353333, 'CC(=O)N(CCCCCNC(=O)CCC(=O)N(CCCCCNC(=O)CCC(=O)N(CCCCCN)O)O)O', 'CC(=O)N(O)CCCCCNC(=O)CCC(=O)N(O)CCCCCNC(=O)CCC(=O)N(O)CCCCCN', 0, '2973', '[9,15,22,28,2]', 2, 5),
(38, NULL, NULL, NULL, 1, 'cyclic-polyketide', 'desferrioxamine E', '[Hpd]-[Suc]-[Hpd]-[Suc]-[Hpd]-[Suc]', '[0]-[1]-[2]-[3]-[4]-[5]', 'C27H48N6O9', 600.348267, 'C1CCNC(=O)CCC(=O)N(CCCCCNC(=O)CCC(=O)N(CCCCCNC(=O)CCC(=O)N(CC1)O)O)O', 'ON1CCCCCNC(=O)CCC(=O)N(O)CCCCCNC(=O)CCC(=O)N(O)CCCCCNC(=O)CCC1=O', 0, '161532', '[3,9,16,22,29,35]', 2, 6),
(39, NULL, NULL, NULL, 1, 'linear-polyketide', 'desferrioxamine G1', '[Hpd]-[Suc]-[Hpd]-[Suc]-[Hpd]-[Suc]', '[0]-[1]-[2]-[3]-[4]-[5]', 'C27H50N6O10', 618.358826, 'C(CCN)CCN(C(=O)CCC(=O)NCCCCCN(C(=O)CCC(=O)NCCCCCN(C(=O)CCC(=O)O)O)O)O', 'NCCCCCN(O)C(=O)CCC(=O)NCCCCCN(O)C(=O)CCC(=O)NCCCCCN(O)C(=O)CCC(O)=O', 0, '11444934', '[6,12,19,25,32]', 2, 6),
(40, NULL, NULL, NULL, 1, 'linear-polyketide', 'ornibactin C4', '[C4:0-OH(3)]-[OH-Orn]-[OH-Asp]-[Ser]-[Fo-OH-Orn]-[Put]', '[0]-[1]-[2]-[3]-[4]-[5]', 'C26H48N8O13', 680.334084, 'CC(CC(=O)N(CCCC(C(=O)NC(C(C(=O)O)O)C(=O)NC(CO)C(=O)NC(CCCN(C=O)O)C(=O)NCCCCN)N)O)O', 'CC(O)CC(=O)N(O)CCCC(N)C(=O)NC(C(O)C(O)=O)C(=O)NC(CO)C(=O)NC(CCCN(O)C=O)C(=O)NCCCCN', 0, '133053363', '[4,11,20,26,37]', 6, 6),
(41, NULL, NULL, NULL, 1, 'linear-polyketide', 'ornibactin C6', '[C6:0-OH(3)]-[OH-Orn]-[OH-Asp]-[Ser]-[Fo-OH-Orn]-[Put]', '[0]-[1]-[2]-[3]-[4]-[5]', 'C28H52N8O13', 708.365384, 'CCCC(CC(=O)N(CCCC(C(=O)NC(C(C(=O)O)O)C(=O)NC(CO)C(=O)NC(CCCN(C=O)O)C(=O)NCCCCN)N)O)O', 'CCCC(O)CC(=O)N(O)CCCC(N)C(=O)NC(C(O)C(O)=O)C(=O)NC(CO)C(=O)NC(CCCN(O)C=O)C(=O)NCCCCN', 0, '133053447', '[6,13,22,28,39]', 6, 6),
(42, NULL, NULL, NULL, 1, 'linear-polyketide', 'ornibactin C8', '[C8:0-OH(3)]-[OH-Orn]-[OH-Asp]-[Ser]-[Fo-OH-Orn]-[Put]', '[0]-[1]-[2]-[3]-[4]-[5]', 'C30H56N8O13', 736.396684, 'CCCCCC(CC(=O)N(CCCC(C(=O)NC(C(C(=O)O)O)C(=O)NC(CO)C(=O)NC(CCCN(C=O)O)C(=O)NCCCCN)N)O)O', 'CCCCCC(O)CC(=O)N(O)CCCC(N)C(=O)NC(C(O)C(O)=O)C(=O)NC(CO)C(=O)NC(CCCN(O)C=O)C(=O)NCCCCN', 0, '133053443', '[8,15,24,30,41]', 6, 6),
(43, NULL, NULL, NULL, 1, 'cyclic', 'triacetylfusarinin C', '[OH-MP]-[N2Ac-OH-Orn]-[OH-MP]-[N2Ac-OH-Orn]-[OH-MP]-[N2Ac-OH-Orn]', '[0]-[1]-[2]-[3]-[4]-[5]', 'C39H60N6O15', 852.411665, 'CC1=CC(=O)N(CCCC(C(=O)OCCC(=CC(=O)N(CCCC(C(=O)OCCC(=CC(=O)N(CCCC(C(=O)OCC1)NC(=O)C)O)C)NC(=O)C)O)C)NC(=O)C)O', 'CC(=O)NC1CCCN(O)C(=O)C=C(C)CCOC(=O)C(CCCN(O)C(=O)C=C(C)CCOC(=O)C(CCCN(O)C(=O)C=C(C)CCOC1=O)NC(C)=O)NC(C)=O', 0, '6333736', '[4,11,18,25,32,39]', 2, 6),
(44, NULL, NULL, NULL, 1, 'cyclic', 'fusarinine C', '[OH-MP]-[OH-Orn]-[OH-MP]-[OH-Orn]-[OH-MP]-[OH-Orn]', '[0]-[1]-[2]-[3]-[4]-[5]', 'C33H54N6O12', 726.379971, 'CC1=CC(=O)N(CCCC(C(=O)OCCC(=CC(=O)N(CCCC(C(=O)OCCC(=CC(=O)N(CCCC(C(=O)OCC1)N)O)C)N)O)C)N)O', 'CC1=CC(=O)N(O)CCCC(N)C(=O)OCCC(=CC(=O)N(O)CCCC(N)C(=O)OCCC(=CC(=O)N(O)CCCC(N)C(=O)OCC1)C)C', 0, '102576136', '[4,11,18,25,32,39]', 2, 6),
(45, NULL, NULL, NULL, 1, 'linear', 'fusarinine B', '[OH-MP]-[OH-Orn]-[OH-MP]-[OH-Orn]-[OH-MP]-[OH-Orn]', '[0]-[1]-[2]-[3]-[4]-[5]', 'C33H56N6O13', 744.390536, 'CC(=CC(=O)N(CCCC(C(=O)OCCC(=CC(=O)N(CCCC(C(=O)OCCC(=CC(=O)N(CCCC(C(=O)O)N)O)C)N)O)C)N)O)CCO', 'CC(CCO)=CC(=O)N(O)CCCC(N)C(=O)OCCC(C)=CC(=O)N(O)CCCC(N)C(=O)OCCC(C)=CC(=O)N(O)CCCC(N)C(O)=O', 0, '134717664', '[4,11,18,25,32]', 2, 6),
(46, NULL, NULL, NULL, 1, 'branch-cyclic', 'pyoverdin E', '[Thr]-[Thr]\\([Lys]-[Fo-OH-Orn]-[Ser]-[Arg]-[Ser]-[ChrPaA]-[Suca]\\)[Fo-OH-Orn]', '[0]-[1]\\([2]-[3]-[4]-[5]-[6]-[7]-[8]\\)[9]', 'C55H84N18O21', 1332.605842, 'CC(C1C(=O)NC(C(=O)NCCCCC(C(=O)NC(C(=O)N1)CCCN(C=O)O)NC(=O)C(CCCN(C=O)O)NC(=O)C(CO)NC(=O)C(CCCN=C(N)N)NC(=O)C(CO)NC(=O)C2CCNC3=C(C=C4C=C(C(=O)C=C4N23)O)NC(=O)CCC(=O)N)C(C)O)O', 'CC(O)C1NC(=O)C(NC(=O)C(CCCN(O)C=O)NC(=O)C(CCCCNC1=O)NC(=O)C(CCCN(O)C=O)NC(=O)C(CO)NC(=O)C(CCCN=C(N)N)NC(=O)C(CO)NC(=O)C2CCNC3=C(NC(=O)CCC(N)=O)C=C4C=C(O)C(=O)C=C4N233)C(C)O', 0, '133053376', '[4,8,16,20,29,40,46,57,63,82]', 7, 10),
(47, NULL, NULL, NULL, 1, 'cyclic', 'ferricrocin', '[Ac-OH-Orn]-[Ac-OH-Orn]-[Ac-OH-Orn]-[Gly]-[Ser]-[Gly]', '[0]-[1]-[2]-[3]-[4]-[5]', 'C28H47N9O13', 717.329333, 'CC(=O)N(CCCC1C(=O)NC(C(=O)NC(C(=O)NCC(=O)NC(C(=O)NCC(=O)N1)CO)CCCN(C(=O)C)O)CCCN(C(=O)C)O)O', 'CC(=O)N(O)CCCC1NC(=O)CNC(=O)C(CO)NC(=O)CNC(=O)C(CCCN(O)C(C)=O)NC(=O)C(CCCN(O)C(C)=O)NC1=O', 0, '193746', '[9,13,17,21,25,29]', 3, 6),
(48, NULL, NULL, NULL, 1, 'cyclic', 'ferrichrysin', '[Ac-OH-Orn]-[Ac-OH-Orn]-[Ac-OH-Orn]-[Ser]-[Ser]-[Gly]', '[0]-[1]-[2]-[3]-[4]-[5]', 'C29H49N9O14', 747.339897, 'CC(=O)N(CCCC1C(=O)NC(C(=O)NC(C(=O)NC(C(=O)NC(C(=O)NCC(=O)N1)CO)CO)CCCN(C(=O)C)O)CCCN(C(=O)C)O)O', 'CC(=O)N(O)CCCC1NC(=O)CNC(=O)C(CO)NC(=O)C(CO)NC(=O)C(CCCN(O)C(C)=O)NC(=O)C(CCCN(O)C(C)=O)NC1=O', 0, '24954019', '[9,13,17,21,25,29]', 3, 6),
(49, NULL, NULL, NULL, 1, 'cyclic', 'ferrichrome', '[Ac-OH-Orn]-[Ac-OH-Orn]-[Ac-OH-Orn]-[Gly]-[Gly]-[Gly]', '[0]-[1]-[2]-[3]-[4]-[5]', 'C27H45N9O12', 687.318768, 'CC(=O)N(CCCC1C(=O)NC(C(=O)NC(C(=O)NCC(=O)NCC(=O)NCC(=O)N1)CCCN(C(=O)C)O)CCCN(C(=O)C)O)O', 'CC(=O)N(O)CCCC1NC(=O)CNC(=O)CNC(=O)CNC(=O)C(CCCN(O)C(C)=O)NC(=O)C(CCCN(O)C(C)=O)NC1=O', 0, '169636', '[9,13,17,21,25,29]', 2, 6),
(51, NULL, NULL, NULL, 1, 'cyclic', 'vicibactin', '[C4:0-OH(3)]-[N2Ac-OH-Orn]-[C4:0-OH(3)]-[N2Ac-OH-Orn]-[C4:0-OH(3)]-[N2Ac-OH-Orn]', '[0]-[1]-[2]-[3]-[4]-[5]', 'C33H54N6O15', 774.364715, 'CC1CC(=O)N(CCCC(C(=O)OC(CC(=O)N(CCCC(C(=O)OC(CC(=O)N(CCCC(C(=O)O1)NC(=O)C)O)C)NC(=O)C)O)C)NC(=O)C)O', 'CC1CC(=O)N(O)CCCC(NC(C)=O)C(=O)OC(C)CC(=O)N(O)CCCC(NC(C)=O)C(=O)OC(C)CC(=O)N(O)CCCC(NC(C)=O)C(=O)O1', 0, '101941096', '[4,11,16,23,28,35]', 2, 6),
(52, NULL, NULL, NULL, 1, 'linear-polyketide', 'serratiochelin B', '[OH-Ben]-[Pda]-[Thr]-[OH-Ben]', '[0]-[1]-[2]-[3]', 'C21H25N3O8', 447.164165, 'CC(C(C(=O)NCCCNC(=O)C1=C(C(=CC=C1)O)O)NC(=O)C2=C(C(=CC=C2)O)O)O', 'CC(O)C(NC(=O)C1=C(O)C(=CC=C1)O)C(=O)NCCCNC(=O)C2=C(O)C(=CC=C2)O', 0, '139587640', '[4,9,20]', 3, 4),
(53, NULL, NULL, NULL, 1, 'linear-polyketide', 'serratiochelin C', '[OH-Ben]-[Pda]-[Thr]-[OH-Ben]', '[0]-[1]-[2]-[3]', 'C21H25N3O8', 447.164165, 'CC(C(C(=O)NCCCNC(=O)C1=C(C(=CC=C1)O)O)N)OC(=O)C2=C(C(=CC=C2)O)O', 'CC(OC(=O)C1=C(O)C(=CC=C1)O)C(N)C(=O)NCCCNC(=O)C2=C(O)C(=CC=C2)O', 0, '102290841', '[4,9,21]', 3, 4),
(54, NULL, NULL, NULL, 1, 'cyclic-polyketide', 'putrebactin', '[Hbd]-[Suc]-[Hbd]-[Suc]', '[0]-[1]-[2]-[3]', 'C16H28N4O6', 372.200885, 'C1CCN(C(=O)CCC(=O)NCCCCN(C(=O)CCC(=O)NC1)O)O', 'ON1CCCCNC(=O)CCC(=O)N(O)CCCCNC(=O)CCC1=O', 0, '16654915', '[3,9,15,21]', 2, 4),
(56, NULL, NULL, NULL, 1, 'linear', 'exochelin MS', '[Fo-OH-Orn]-[bAla]-[OH-Orn]-[Thr]-[OH-Orn]', '[0]-[1]-[2]-[3]-[4]', 'C23H44N8O11', 608.3129542971, 'CC(C(C(=O)N(CCCC(C(=O)O)N)O)NC(=O)C(CCCN(C(=O)CCNC(=O)C(CCCN(C=O)O)N)O)N)O', 'CC(O)C(NC(=O)C(N)CCCN(O)C(=O)CCNC(=O)C(N)CCCN(O)C=O)C(=O)N(O)CCCC(N)C(O)=O', 0, '139583168', '[4,15,22,27]', 4, 5),
(57, NULL, NULL, NULL, 1, 'cyclic-polyketide', 'bisucaberin', '[Hpd]-[Suc]-[Hpd]-[Suc]', '[0]-[1]-[2]-[3]', 'C18H32N4O6', 400.232185, 'C1CCNC(=O)CCC(=O)N(CCCCCNC(=O)CCC(=O)N(CC1)O)O', 'ON1CCCCCNC(=O)CCC(=O)N(O)CCCCCNC(=O)CCC1=O', 0, '133971', '[3,9,16,22]', 2, 4),
(58, NULL, NULL, NULL, 1, 'linear', 'aquachelin A', '[C12:1(5)]-[OH-Asp]-[Ser]-[Ser]-[Gln]-[Ac-OH-Orn]-[Ser]-[Ac-OH-Orn]', '[0]-[1]-[2]-[3]-[4]-[5]-[6]-[7]', 'C44H74N10O20', 1062.508085, 'CCCCCCC=CCCCC(=O)NC(C(C(=O)O)O)C(=O)NC(CO)C(=O)NC(CO)C(=O)NC(CCC(=O)N)C(=O)NC(CCCN(C(=O)C)O)C(=O)NC(CO)C(=O)NC(CCCN(C(=O)C)O)C(=O)O', 'CCCCCCC=CCCCC(=O)NC(C(O)C(O)=O)C(=O)NC(CO)C(=O)NC(CO)C(=O)NC(CCC(N)=O)C(=O)NC(CCCN(O)C(C)=O)C(=O)NC(CO)C(=O)NC(CCCN(O)C(C)=O)C(O)=O', 0, '139588297', '[12,21,27,33,42,54,60]', 5, 8),
(59, NULL, NULL, NULL, 1, 'linear', 'amphibactin B', '[C14:0-OH(3)]-[Ac-OH-Orn]-[Ac-OH-Orn]-[Ser]-[Ac-OH-Orn]', '[0]-[1]-[2]-[3]-[4]', 'C38H69N7O14', 847.49025, 'CCCCCCCCCCCC(O)CC(=O)NC(CCCN(O)C(C)=O)C(=O)NC(CCCN(O)C(C)=O)C(=O)NC(CO)C(=O)NC(CCCN(O)C(C)=O)C(O)=O', 'CCCCCCCCCCCC(O)CC(=O)NC(CCCN(O)C(C)=O)C(=O)NC(CCCN(O)C(C)=O)C(=O)NC(CO)C(=O)NC(CCCN(O)C(C)=O)C(O)=O', 6, '10.1073/pnas.0637444100', '[15,27,39,45]', 3, 5),
(60, NULL, NULL, NULL, 1, 'linear-polyketide', 'mirubactin', '[OH-Ben]-[Arg]-[Fo-OH-Orn]-[OH-Ben]', '[0]-[1]-[2]-[3]', 'C26H32N6O11', 604.212906, 'C1=CC(=C(C(=C1)O)O)C(=O)NC(CCCN=C(N)N)C(=O)NC(CCCN(C=O)OC(=O)C2=C(C(=CC=C2)O)O)C(=O)O', 'NC(N)=NCCCC(NC(=O)C1=C(O)C(=CC=C1)O)C(=O)NC(CCCN(OC(=O)C2=C(O)C(=CC=C2)O)C=O)C(O)=O', 0, '59051490', '[9,20,29]', 3, 4),
(61, NULL, NULL, NULL, 1, 'linear-polyketide', 'divanchrobactin', '[OH-Ben]-[Arg]-[Ser]-[Ser]-[Arg]-[OH-Ben]', '[0]-[1]-[2]-[3]-[4]-[5]', 'C32H44N10O13', 776.3089315517, 'C1=CC(=C(C(=C1)O)O)C(=O)NC(CCCN=C(N)N)C(=O)NC(CO)C(=O)OCC(C(=O)O)NC(=O)C(CCCN=C(N)N)NC(=O)C2=C(C(=CC=C2)O)O', 'NC(N)=NCCCC(NC(=O)C1=C(O)C(=CC=C1)O)C(=O)NC(CO)C(=O)OCC(NC(=O)C(CCCN=C(N)N)NC(=O)C2=C(O)C(=CC=C2)O)C(O)=O', 0, '46849169', '[9,20,26,33,44]', 3, 6),
(62, NULL, NULL, NULL, 1, 'cyclic', 'roseotoxin A', '[Ile]-[NMe-Val]-[NMe-Ala]-[bAla]-[C5:0-Me(4)-OH(2)]-[3Me-Pro]', '[0]-[1]-[2]-[3]-[4]-[5]', 'C31H53N5O7', 607.394499, 'CCC(C)C1NC(=O)C2C(C)CCN2(C(=O)C(CC(C)C)OC(=O)CCNC(=O)C(C)N(C)C(=O)C(C(C)C)N(C)C1(=O))', 'CCC(C)C1NC(=O)C2C(C)CCN2C(=O)C(CC(C)C)OC(=O)CCNC(=O)C(C)N(C)C(=O)C(C(C)C)N(C)C1=O', 0, '51340752', '[5,13,21,26,32,40]', 6, 6),
(63, NULL, NULL, NULL, 1, 'cyclic', 'roseotoxin S', '[Ile]-[Hiv]-[Thr]-[Ala]-[Hiv]', '[0]-[1]-[2]-[3]-[4]', 'C23H39N3O8', 485.27372, 'CCC(C)C1NC(=O)C(OC(=O)C(C)NC(=O)C(NC(=O)C(OC1=O)C(C)C)C(C)O)C(C)C', 'CCC(C)C1NC(=O)C(OC(=O)C(C)NC(=O)C(NC(=O)C(OC1=O)C(C)C)C(C)O)C(C)C', 0, '70698083', '[5,9,14,18,22]', 4, 5),
(64, NULL, NULL, NULL, 1, 'cyclic', 'roseotoxin B', '[Ile]-[NMe-Val]-[NMe-Ala]-[bAla]-[OH-Eno]-[3Me-Pro]', '[0]-[1]-[2]-[3]-[4]-[5]', 'C30H49N5O7', 591.363199, 'CCC(C)C1C(=O)N(C(C(=O)N(C(C(=O)NCCC(=O)OC(C(=O)N2CCC(C2C(=O)N1)C)CC=C)C)C)C(C)C)C', 'CCC(C)C1NC(=O)C2C(C)CCN2C(=O)C(CC=C)OC(=O)CCNC(=O)C(C)N(C)C(=O)C(C(C)C)N(C)C1=O', 0, '24039283', '[6,10,14,19,23,30]', 6, 6),
(65, NULL, NULL, NULL, 3, 'other', 'm-cresol', '', NULL, 'C7H8O', 108.0575148789, NULL, NULL, NULL, NULL, NULL, 0, 0),
(66, NULL, NULL, NULL, 3, 'other', 'uracil', '', NULL, 'C4H4N2O2', 112.027277383, NULL, NULL, NULL, NULL, NULL, 0, 0),
(67, NULL, NULL, NULL, 3, 'other', 'Diketopiperazine', '', NULL, 'C4H6N2O2', 114.0429274472, NULL, NULL, NULL, NULL, NULL, 0, 0),
(68, NULL, NULL, NULL, 3, 'other', 'Nicotinic acid', '', NULL, 'C6H5NO2', 123.0320284099, NULL, NULL, NULL, NULL, NULL, 0, 0),
(69, NULL, NULL, NULL, 3, 'other', 'Hydroxyquinone', '', NULL, 'C6H4O3', 124.0160439947, NULL, NULL, NULL, NULL, NULL, 0, 0),
(70, NULL, NULL, NULL, 3, 'other', 'Orcinol', '', NULL, 'C7H8O2', 124.052429501, NULL, NULL, NULL, NULL, NULL, 0, 0),
(71, NULL, NULL, NULL, 3, 'other', 'Epoxysuccinic acid', '', NULL, 'C4H4O5', 132.0058732389, NULL, NULL, NULL, NULL, NULL, 0, 0),
(72, NULL, NULL, NULL, 3, 'other', 'salicylic acid', '', NULL, 'C7H6O3', 138.0316940589, NULL, NULL, 7, '73', NULL, 0, 0),
(73, NULL, NULL, NULL, 3, 'other', 'Quinone', '', NULL, 'C6H4O4', 140.0109586168, NULL, NULL, NULL, NULL, NULL, 0, 0),
(74, NULL, NULL, NULL, 3, 'other', '2,3-dihydroxybenzoic acid', '', NULL, 'C7H6O4', 154.026608681, NULL, NULL, 7, '54', NULL, 0, 0),
(75, NULL, NULL, NULL, 3, 'other', '3,4-dihydroxybenzoic acid (Protocatechuic acid)', '', NULL, 'C7H6O4', 154.026608681, NULL, NULL, 7, '57', NULL, 0, 0),
(76, NULL, NULL, NULL, 3, 'other', '3,5-dihydroxybenzoic acid', '', NULL, 'C7H6O4', 154.026608681, NULL, NULL, 7, '202', NULL, 0, 0),
(77, NULL, NULL, NULL, 3, 'other', '3,4-dihydroxytoluquinone', '', NULL, 'C7H6O4', 154.026608681, NULL, NULL, NULL, NULL, NULL, 0, 0),
(78, NULL, NULL, NULL, 3, 'other', 'Phyllostin', '', NULL, 'C7H6O4', 154.026608681, NULL, NULL, NULL, NULL, NULL, 0, 0),
(79, NULL, NULL, NULL, 3, 'other', 'cyclo-(Pro-Gly)', '', NULL, 'C7H10N2O2', 154.0742275756, NULL, NULL, NULL, NULL, NULL, 0, 0),
(80, NULL, NULL, NULL, 3, 'other', 'Cepabactin', '', NULL, 'C7H9N1O3', 155.0582431604, NULL, NULL, 7, '72', NULL, 0, 0),
(81, NULL, NULL, NULL, 3, 'other', '1,8-dihydroxynaphthalene', '', NULL, 'C10H8O2', 160.052429501, NULL, NULL, NULL, NULL, NULL, 0, 0),
(82, NULL, NULL, NULL, 3, 'other', 'Formamide, N-[2-(4-hydroxyphenyl)ethenyl]-', '', NULL, 'C9H9NO2', 163.0633285383, NULL, NULL, NULL, NULL, NULL, 0, 0),
(83, NULL, NULL, NULL, 3, 'other', 'Phthalic acid', '', NULL, 'C8H6O4', 166.026608681, NULL, NULL, NULL, NULL, NULL, 0, 0),
(84, NULL, NULL, NULL, 3, 'other', 'o-Orsellinic acid', '', NULL, 'C8H8O4', 168.0422587452, NULL, NULL, NULL, NULL, NULL, 0, 0),
(85, NULL, NULL, NULL, 3, 'other', 'Fumigatin', '', NULL, 'C8H8O4', 168.0422587452, NULL, NULL, NULL, NULL, NULL, 0, 0),
(86, NULL, NULL, NULL, 3, 'other', 'cyclo-(D-Pro-L-Ala)', '', NULL, 'C8H12N2O2', 168.0898776398, NULL, NULL, NULL, NULL, NULL, 0, 0),
(87, NULL, NULL, NULL, 3, 'other', 'Fumigatol', '', NULL, 'C8H10O4', 170.0579088094, NULL, NULL, NULL, NULL, NULL, 0, 0),
(88, NULL, NULL, NULL, 3, 'other', '1,3,8-Trihydroxynaphthalene', '', NULL, 'C10H8O3', 176.0473441231, NULL, NULL, NULL, NULL, NULL, 0, 0),
(89, NULL, NULL, NULL, 3, 'other', '4,8-dihydroxy-1-tetralone', '', NULL, 'C10H10O3', 178.0629941873, NULL, NULL, NULL, NULL, NULL, 0, 0),
(90, NULL, NULL, NULL, 3, 'other', 'Vermelone', '', NULL, 'C10H10O3', 178.0629941873, NULL, NULL, NULL, NULL, NULL, 0, 0),
(91, NULL, NULL, NULL, 3, 'other', 'Spinulosin', '', NULL, 'C8H8O5', 184.0371733673, NULL, NULL, NULL, NULL, NULL, 0, 0),
(92, NULL, NULL, NULL, 3, 'other', 'Fumigatin oxide', '', NULL, 'C8H8O5', 184.0371733673, NULL, NULL, NULL, NULL, NULL, 0, 0),
(93, NULL, NULL, NULL, 3, 'other', 'Fumiquinone B', '', NULL, 'C8H8O5', 184.0371733673, NULL, NULL, NULL, NULL, NULL, 0, 0),
(94, NULL, NULL, NULL, 3, 'other', 'cyclo-(Pro-Ser)', '', NULL, 'C8H12N2O3', 184.0847922619, NULL, NULL, NULL, NULL, NULL, 0, 0),
(95, NULL, NULL, NULL, 3, 'other', 'cyclo-(Ala-trans-4-OH-Pro)', '', NULL, 'C8H12N2O3', 184.0847922619, NULL, NULL, NULL, NULL, NULL, 0, 0),
(96, NULL, NULL, NULL, 3, 'other', 'Dihydrospinulosin quinol', '', NULL, 'C8H12O5', 188.0684734957, NULL, NULL, NULL, NULL, NULL, 0, 0),
(97, NULL, NULL, NULL, 3, 'other', '2-Hydroxyjuglone', '', NULL, 'C10H6O4', 190.026608681, NULL, NULL, NULL, NULL, NULL, 0, 0),
(98, NULL, NULL, NULL, 3, 'other', 'Citrate', '', NULL, 'C6H8O7', 192.0270026115, NULL, NULL, 7, '282', NULL, 0, 0),
(99, NULL, NULL, NULL, 3, 'other', '1,3,6,8-Naphthalenetetrol', '', NULL, 'C10H8O4', 192.0422587452, NULL, NULL, NULL, NULL, NULL, 0, 0),
(100, NULL, NULL, NULL, 3, 'other', 'trans-3,4-dihydro-3,4,8-trihydroxynaphthalen-1(2H)-one', '', NULL, 'C10H10O4', 194.0579088094, NULL, NULL, NULL, NULL, NULL, 0, 0),
(101, NULL, NULL, NULL, 3, 'other', 'cis-3,4-dihydro-3,4,8-trihydroxynaphthalen-1(2H)-one', '', NULL, 'C10H10O4', 194.0579088094, NULL, NULL, NULL, NULL, NULL, 0, 0),
(102, NULL, NULL, NULL, 3, 'other', 'Scytalone', '', NULL, 'C10H10O4', 194.0579088094, NULL, NULL, NULL, NULL, NULL, 0, 0),
(103, NULL, NULL, NULL, 3, 'other', 'Anthrone', '', NULL, 'C14H10O', 194.0731649431, NULL, NULL, NULL, NULL, NULL, 0, 0),
(104, NULL, NULL, NULL, 3, 'other', 'Cyclo(L-Pro-L-Pro)', '', NULL, 'C10H14N2O2', 194.105527704, NULL, NULL, NULL, NULL, NULL, 0, 0),
(105, NULL, NULL, NULL, 3, 'other', '1H-Naphtho[2,1-b]pyran-1-one', '', NULL, 'C13H8O2', 196.052429501, NULL, NULL, NULL, NULL, NULL, 0, 0),
(106, NULL, NULL, NULL, 3, 'other', 'Pyrrolo[1,2-a]pyrazine-1,4-dione', '', NULL, 'C10H16N2O2', 196.1211777682, NULL, NULL, NULL, NULL, NULL, 0, 0),
(107, NULL, NULL, NULL, 3, 'other', 'Pyridine-2,6-bis(thiocarboxylic acid)', '', NULL, 'C7H5N1O2S2', 198.9761697899, NULL, NULL, 7, '93', NULL, 0, 0),
(108, NULL, NULL, NULL, 3, 'other', 'cyclo-(Ser-trans-4-OH-Pro)', '', NULL, 'C8H12N2O4', 200.079706884, NULL, NULL, NULL, NULL, NULL, 0, 0),
(109, NULL, NULL, NULL, 3, 'other', 'Spinulosin hydrate', '', NULL, 'C8H10O6', 202.0477380536, NULL, NULL, NULL, NULL, NULL, 0, 0),
(110, NULL, NULL, NULL, 3, 'other', 'Spinulosin quinol hydrate', '', NULL, 'C8H12O6', 204.0633881178, NULL, NULL, NULL, NULL, NULL, 0, 0),
(111, NULL, NULL, NULL, 3, 'other', 'cyclo-(Gly-Phe)', '', NULL, 'C11H12N2O2', 204.0898776398, NULL, NULL, NULL, NULL, NULL, 0, 0),
(112, NULL, NULL, NULL, 3, 'other', 'Bicyclo[3,1,1]heptane', '', NULL, 'C15H24', 204.1878007704, NULL, NULL, NULL, NULL, NULL, 0, 0),
(113, NULL, NULL, NULL, 3, 'other', 'Flaviolin', '', NULL, 'C10H6O5', 206.0215233031, NULL, NULL, NULL, NULL, NULL, 0, 0),
(114, NULL, NULL, NULL, 3, 'other', 'Anthraquinone', '', NULL, 'C14H8O2', 208.052429501, NULL, NULL, NULL, NULL, NULL, 0, 0),
(115, NULL, NULL, NULL, 3, 'other', 'cyclo-(Gly-Ala)', '', NULL, 'C10H14N2O3', 210.1004423261, NULL, NULL, NULL, NULL, NULL, 0, 0),
(116, NULL, NULL, NULL, 3, 'other', 'L-prolylhydroxy-L-prolinediketopiperazine', '', NULL, 'C10H14N2O3', 210.1004423261, NULL, NULL, NULL, NULL, NULL, 0, 0),
(117, NULL, NULL, NULL, 3, 'other', 'itoic acid', '', NULL, 'C9H9N1O5', 211.0480724046, NULL, NULL, 7, '113', NULL, 0, 0),
(118, NULL, NULL, NULL, 3, 'other', '2,3-dihydroxybenzoylglycine', '', NULL, 'C9H9N1O5', 211.0480724046, NULL, NULL, 7, '81', NULL, 0, 0),
(119, NULL, NULL, NULL, 3, 'other', 'Quinolobactin', '', NULL, 'C11H9N1O4', 219.0531577825, NULL, NULL, 7, '278', NULL, 0, 0),
(120, NULL, NULL, NULL, 3, 'other', 'Fumigatin chlorohydrin', '', NULL, 'C8H9ClO5', 220.0138513994, NULL, NULL, NULL, NULL, NULL, 0, 0),
(121, NULL, NULL, NULL, 3, 'other', 'Aeruginic acid', '', NULL, 'C10H7N1O3S1', 221.0146637862, NULL, NULL, 7, '285', NULL, 0, 0),
(122, NULL, NULL, NULL, 3, 'other', 'Parvulenone', '', NULL, 'C12H14O4', 222.0892089378, NULL, NULL, NULL, NULL, NULL, 0, 0),
(123, NULL, NULL, NULL, 3, 'other', 'Aminochelin', '', NULL, 'C11H16N2O3', 224.1160923903, NULL, NULL, 7, '88', NULL, 0, 0),
(124, NULL, NULL, NULL, 3, 'other', 'Aspergilic acid', '', NULL, 'C12H20N2O2', 224.1524778966, NULL, NULL, 7, '232', NULL, 0, 0),
(125, NULL, NULL, NULL, 3, 'other', 'Neoaspergillic acid', '', NULL, 'C12H20N2O2', 224.1524778966, NULL, NULL, 7, '233', NULL, 0, 0),
(126, NULL, NULL, NULL, 3, 'other', 'Csypyrone B1', '', NULL, 'C10H10O6', 226.0477380536, NULL, NULL, NULL, NULL, NULL, 0, 0),
(127, NULL, NULL, NULL, 3, 'other', 'Cyclo(L-leucyl-trans-4-hydroxy-L-proline)', '', NULL, 'C11H18N2O3', 226.1317424545, NULL, NULL, NULL, NULL, NULL, 0, 0),
(128, NULL, NULL, NULL, 3, 'other', 'Carbonarone A', '', NULL, 'C13H11NO3', 229.0738932246, NULL, NULL, NULL, NULL, NULL, 0, 0),
(129, NULL, NULL, NULL, 3, 'other', 'Tensidol A', '', NULL, 'C13H11NO3', 229.0738932246, NULL, NULL, NULL, NULL, NULL, 0, 0),
(130, NULL, NULL, NULL, 3, 'other', 'Siderochelin A', '', NULL, 'C12H14N2O3', 234.1004423261, NULL, NULL, 7, '281', NULL, 0, 0),
(131, NULL, NULL, NULL, 3, 'other', 'Thio-quinolobactin', '', NULL, 'C11H9N1O3S1', 235.0303138504, NULL, NULL, 7, '94', NULL, 0, 0),
(132, NULL, NULL, NULL, 3, 'other', 'Siderochelin B', '', NULL, 'C11H13N3O3', 235.0956912992, NULL, NULL, NULL, NULL, NULL, 0, 0),
(133, NULL, NULL, NULL, 3, 'other', 'Desferrithiocin', '', NULL, 'C10H10N2O3S1', 238.0412128877, NULL, NULL, 7, '51', NULL, 0, 0),
(134, NULL, NULL, NULL, 3, 'other', 'Agroclavin', '', NULL, 'C16H18N2', 238.1469985882, NULL, NULL, NULL, NULL, NULL, 0, 0),
(135, NULL, NULL, NULL, 3, 'other', 'Csypyrone B2', '', NULL, 'C11H12O6', 240.0633881178, NULL, NULL, NULL, NULL, NULL, 0, 0),
(136, NULL, NULL, NULL, 3, 'other', 'Festuclavin', '', NULL, 'C16H20N2', 240.1626486524, NULL, NULL, NULL, NULL, NULL, 0, 0),
(137, NULL, NULL, NULL, 3, 'other', '2,3-dihydroxybenzoylserine', '', NULL, 'C10H11N1O6', 241.0586370909, NULL, NULL, 7, '79', NULL, 0, 0),
(138, NULL, NULL, NULL, 3, 'other', 'cyclo-(R-Pro-R-Phe)', '', NULL, 'C14H16N2O2', 244.1211777682, NULL, NULL, NULL, NULL, NULL, 0, 0),
(139, NULL, NULL, NULL, 3, 'other', '5-demethoxyfumagillol', '', NULL, 'C15H24O3', 252.1725446367, NULL, NULL, NULL, NULL, NULL, 0, 0),
(140, NULL, NULL, NULL, 3, 'other', 'Csypyrone B3', '', NULL, 'C12H14O6', 254.079038182, NULL, NULL, NULL, NULL, NULL, 0, 0),
(141, NULL, NULL, NULL, 3, 'other', 'Fumiquinone A', '', NULL, 'C12H14O6', 254.079038182, NULL, NULL, NULL, NULL, NULL, 0, 0),
(142, NULL, NULL, NULL, 3, 'other', 'Elymoclavin', '', NULL, 'C16H18N2O', 254.1419132103, NULL, NULL, NULL, NULL, NULL, 0, 0),
(143, NULL, NULL, NULL, 3, 'other', '2,3-dihydroxybenzoylthreonine', '', NULL, 'C11H13N1O6', 255.0742871551, NULL, NULL, 7, '80', NULL, 0, 0),
(144, NULL, NULL, NULL, 3, 'other', 'Chanoclavine I', '', NULL, 'C16H20N2O', 256.1575632745, NULL, NULL, NULL, NULL, NULL, 0, 0),
(145, NULL, NULL, NULL, 3, 'other', 'Fumigaclavine B', '', NULL, 'C16H20N2O', 256.1575632745, NULL, NULL, NULL, NULL, NULL, 0, 0),
(146, NULL, NULL, NULL, 3, 'other', '[1,1\'-Biphenyl]-4-carboxylic acid, 3,3\'-dihydroxy-5,5\'-dimethyl', '', NULL, 'C15H14O4', 258.0892089378, NULL, NULL, NULL, NULL, NULL, 0, 0),
(147, NULL, NULL, NULL, 3, 'other', 'cyclo-(cisOH-D-Pro-L-Phe)', '', NULL, 'C14H16N2O3', 260.1160923903, NULL, NULL, NULL, NULL, NULL, 0, 0),
(148, NULL, NULL, NULL, 3, 'other', 'Cyclo(L-trans-(4-hydroxyprolinyl)-L-phenylalanine)', '', NULL, 'C14H16N2O3', 260.1160923903, NULL, NULL, NULL, NULL, NULL, 0, 0),
(149, NULL, NULL, NULL, 3, 'other', 'Cis-fusarinine', '', NULL, 'C11H20N2O5', 260.1372217629, NULL, NULL, 7, '6', NULL, 0, 0),
(150, NULL, NULL, NULL, 3, 'other', 'Trans-fusarinine', '', NULL, 'C11H20N2O5', 260.1372217629, NULL, NULL, 7, '5', NULL, 0, 0),
(151, NULL, NULL, NULL, 3, 'other', 'cyclo-(R-Phe-S-Ile)', '', NULL, 'C15H20N2O2', 260.1524778966, NULL, NULL, NULL, NULL, NULL, 0, 0),
(152, NULL, NULL, NULL, 3, 'other', 'Violacerol I', '', NULL, 'C14H14O5', 262.0841235599, NULL, NULL, NULL, NULL, NULL, 0, 0),
(153, NULL, NULL, NULL, 3, 'other', 'Violacerol II', '', NULL, 'C14H14O5', 262.0841235599, NULL, NULL, NULL, NULL, NULL, 0, 0),
(154, NULL, NULL, NULL, 3, 'other', 'cyclo-(R-Valr-S-Tyr)', '', NULL, 'C14H18N2O3', 262.1317424545, NULL, NULL, NULL, NULL, NULL, 0, 0),
(155, NULL, NULL, NULL, 3, 'other', 'pyridoxatin', '', NULL, 'C15H21N1O3', 263.1521435456, NULL, NULL, 7, '279', NULL, 0, 0),
(156, NULL, NULL, NULL, 3, 'other', 'Fumigatin bromohydrin', '', NULL, 'C8H9BrO5', 263.9633253994, NULL, NULL, NULL, NULL, NULL, 0, 0),
(157, NULL, NULL, NULL, 3, 'other', 'Microperfuranone', '', NULL, 'C17H14O3', 266.0942943157, NULL, NULL, NULL, NULL, NULL, 0, 0),
(158, NULL, NULL, NULL, 3, 'other', 'emodin', '', NULL, 'C15H10O5', 270.0528234315, NULL, NULL, NULL, NULL, NULL, 0, 0),
(159, NULL, NULL, NULL, 3, 'other', 'cyclo-(R-Tyr-S-Ile)', '', NULL, 'C15H20N2O3', 276.1473925187, NULL, NULL, NULL, NULL, NULL, 0, 0),
(160, NULL, NULL, NULL, 3, 'other', 'Deoxydistichonic acid', '', NULL, 'C10H18N2O7', 278.1114009429, NULL, NULL, NULL, NULL, NULL, 0, 0),
(161, NULL, NULL, NULL, 3, 'other', 'Fumagillol', '', NULL, 'C16H26O4', 282.183109323, NULL, NULL, NULL, NULL, NULL, 0, 0),
(162, NULL, NULL, NULL, 3, 'other', 'Brevianamide F', '', NULL, 'C16H17N3O2', 283.1320768055, NULL, NULL, NULL, NULL, NULL, 0, 0),
(163, NULL, NULL, NULL, 3, 'other', 'Physcion', '', NULL, 'C16H12O5', 284.0684734957, NULL, NULL, NULL, NULL, NULL, 0, 0),
(164, NULL, NULL, NULL, 3, 'other', 'Monodictyphenone', '', NULL, 'C15H12O6', 288.0633881178, NULL, NULL, NULL, NULL, NULL, 0, 0),
(165, NULL, NULL, NULL, 3, 'other', '2-chloro-1,3,8-trihydroxy-6-methyl- (8CI); 2-Chloro-1,3,8-trihydroxy-6-methylanthrone', '', NULL, 'C15H11ClO4', 290.0345868415, NULL, NULL, NULL, NULL, NULL, 0, 0),
(166, NULL, NULL, NULL, 3, 'other', 'Distichonic acid', '', NULL, 'C10H18N2O8', 294.106315565, NULL, NULL, NULL, NULL, NULL, 0, 0),
(167, NULL, NULL, NULL, 3, 'other', 'Ovalicin', '', NULL, 'C16H24O5', 296.1623738809, NULL, NULL, NULL, NULL, NULL, 0, 0),
(168, NULL, NULL, NULL, 3, 'other', 'Fumigaclavine A', '', NULL, 'C18H22N2O2', 298.1681279608, NULL, NULL, NULL, NULL, NULL, 0, 0),
(169, NULL, NULL, NULL, 3, 'other', '2-Chloroemodin', '', NULL, 'C15H9ClO5', 304.0138513994, NULL, NULL, NULL, NULL, NULL, 0, 0),
(170, NULL, NULL, NULL, 3, 'other', '2-Deoxymugeneic acid', '', NULL, 'C12H20N2O7', 304.1270510071, NULL, NULL, NULL, NULL, NULL, 0, 0),
(171, NULL, NULL, NULL, 3, 'other', '9(10H)-Anthracenone, 2-chloro-1,3,8-trihydroxy-6-(hydroxymethyl)-', '', NULL, 'C15H11ClO5', 306.0295014636, NULL, NULL, NULL, NULL, NULL, 0, 0),
(172, NULL, NULL, NULL, 3, 'other', 'Endocrocin', '', NULL, 'C16H10O7', 314.0426526757, NULL, NULL, NULL, NULL, NULL, 0, 0),
(173, NULL, NULL, NULL, 3, 'other', 'Asperthecin', '', NULL, 'C15H10O8', 318.0375672978, NULL, NULL, NULL, NULL, NULL, 0, 0),
(174, NULL, NULL, NULL, 3, 'other', 'Mugeneic acid', '', NULL, 'C12H20N2O8', 320.1219656292, NULL, NULL, 7, '268', NULL, 0, 0),
(175, NULL, NULL, NULL, 3, 'other', 'Avenic acid', '', NULL, 'C12H22N2O8', 322.1376156934, NULL, NULL, 7, '82', NULL, 0, 0),
(176, NULL, NULL, NULL, 3, 'other', 'Enantio-pyochelin', '', NULL, 'C14H16N2O3S2', 324.0602337703, NULL, NULL, 7, '230', NULL, 0, 0),
(177, NULL, NULL, NULL, 3, 'other', 'Pyochelin', '', NULL, 'C14H16N2O3S2', 324.0602337703, NULL, NULL, 7, '38', NULL, 0, 0),
(178, NULL, NULL, NULL, 3, 'other', 'Sterigmatocystine', '', NULL, 'C18H12O6', 324.0633881178, NULL, NULL, NULL, NULL, NULL, 0, 0),
(179, NULL, NULL, NULL, 3, 'other', 'terezine D', '', NULL, 'C19H23N3O2', 325.1790269981, NULL, NULL, NULL, NULL, NULL, 0, 0),
(180, NULL, NULL, NULL, 3, 'other', 'gliotoxin', '', NULL, 'C13H14N2O4S2', 326.0394983282, NULL, NULL, NULL, NULL, NULL, 0, 0),
(181, NULL, NULL, NULL, 3, 'other', 'Bis-N-norgliovictin', '', NULL, 'C14H18N2O3S2', 326.0758838345, NULL, NULL, NULL, NULL, NULL, 0, 0),
(182, NULL, NULL, NULL, 3, 'other', 'Bisdechlorogeodin', '', NULL, 'C17H14O7', 330.0739528041, NULL, NULL, NULL, NULL, NULL, 0, 0),
(183, NULL, NULL, NULL, 3, 'other', 'Pseudomonine', '', NULL, 'C16H18N4O4', 330.132805087, NULL, NULL, 7, '92', NULL, 0, 0),
(184, NULL, NULL, NULL, 3, 'other', 'Asperfuranone', '', NULL, 'C19H24O5', 332.1623738809, NULL, NULL, NULL, NULL, NULL, 0, 0),
(185, NULL, NULL, NULL, 3, 'other', '3-hydroxymugeneic acid', '', NULL, 'C12H20N2O9', 336.1168802513, NULL, NULL, NULL, NULL, NULL, 0, 0),
(186, NULL, NULL, NULL, 3, 'other', 'Thiazostatin', '', NULL, 'C15H18N2O3S2', 338.0758838345, NULL, NULL, 7, '283', NULL, 0, 0),
(187, NULL, NULL, NULL, 3, 'other', 'Bis(2-hydroxy-3-tert,butyl-5-methylphenyl)methane', '', NULL, 'C23H32O2', 340.2402302714, NULL, NULL, NULL, NULL, NULL, 0, 0),
(188, NULL, NULL, NULL, 3, 'other', 'Trypacidin', '', NULL, 'C18H16O7', 344.0896028683, NULL, NULL, NULL, NULL, NULL, 0, 0),
(189, NULL, NULL, NULL, 3, 'other', 'Rhodotorulic acid', '', NULL, 'C14H24N4O6', 344.1695845238, NULL, NULL, 7, '69', NULL, 0, 0),
(190, NULL, NULL, NULL, 3, 'other', 'm-Anisic acid', '', NULL, 'C18H18O7', 346.1052529325, NULL, NULL, NULL, NULL, NULL, 0, 0),
(191, NULL, NULL, NULL, 3, 'other', 'Acinetobactin', '', NULL, 'C16H18N4O5', 346.1277197091, NULL, NULL, 7, '47', NULL, 0, 0),
(192, NULL, NULL, NULL, 3, 'other', 'Anguibactin', '', NULL, 'C15H16N4O4S1', 348.0892257128, NULL, NULL, 7, '74', NULL, 0, 0),
(193, NULL, NULL, NULL, 3, 'other', 'Demethoxyfumitremorgin C', '', NULL, 'C21H23N3O2', 349.1790269981, NULL, NULL, NULL, NULL, NULL, 0, 0),
(194, NULL, NULL, NULL, 3, 'other', 'Tryptostatin B', '', NULL, 'C21H25N3O2', 351.1946770623, NULL, NULL, NULL, NULL, NULL, 0, 0),
(195, NULL, NULL, NULL, 3, 'other', 'Didehydrobisdethiobis(methylthio)gliotoxin', '', NULL, 'C15H18N2O4S2', 354.0707984566, NULL, NULL, NULL, NULL, NULL, 0, 0),
(196, NULL, NULL, NULL, 3, 'other', 'Dimethylgliotoxin', '', NULL, 'C15H20N2O4S2', 356.0864485208, NULL, NULL, NULL, NULL, NULL, 0, 0),
(197, NULL, NULL, NULL, 3, 'other', 'fumiquinazolines J', '', NULL, 'C21H16N4O2', 356.1273257786, NULL, NULL, NULL, NULL, NULL, 0, 0),
(198, NULL, NULL, NULL, 3, 'other', 'Gliotoxin E', '', NULL, 'C13H14N2O4S3', 358.0115690182, NULL, NULL, NULL, NULL, NULL, 0, 0),
(199, NULL, NULL, NULL, 3, 'other', 'fumiquinazolines F', '', NULL, 'C21H18N4O2', 358.1429758428, NULL, NULL, NULL, NULL, NULL, 0, 0),
(200, NULL, NULL, NULL, 3, 'other', 'fumiquinazolines G', '', NULL, 'C21H18N4O2', 358.1429758428, NULL, NULL, NULL, NULL, NULL, 0, 0),
(201, NULL, NULL, NULL, 3, 'other', 'Asperfumoid', '', NULL, 'C18H17NO7', 359.1005019056, NULL, NULL, NULL, NULL, NULL, 0, 0),
(202, NULL, NULL, NULL, 3, 'other', 'Spirotryprostatin B', '', NULL, 'C21H21N3O3', 363.158291556, NULL, NULL, NULL, NULL, NULL, 0, 0),
(203, NULL, NULL, NULL, 3, 'other', 'Fumigaclavine C', '', NULL, 'C23H30N2O2', 366.2307282176, NULL, NULL, NULL, NULL, NULL, 0, 0),
(204, NULL, NULL, NULL, 3, 'other', 'Chrysobactin', '', NULL, 'C16H23N3O7', 369.1536001086, NULL, NULL, 7, '90', NULL, 0, 0),
(205, NULL, NULL, NULL, 3, 'other', 'Azaspirene', '', NULL, 'C21H23NO5', 369.157622854, NULL, NULL, NULL, NULL, NULL, 0, 0),
(206, NULL, NULL, NULL, 3, 'other', 'Putrebactin', '', NULL, 'C16H28N4O6', 372.2008846522, NULL, NULL, 7, '63', NULL, 0, 0),
(207, NULL, NULL, NULL, 3, 'other', 'Asperfumin', '', NULL, 'C19H20O8', 376.1158176188, NULL, NULL, NULL, NULL, NULL, 0, 0),
(208, NULL, NULL, NULL, 3, 'other', 'Rhizobactin', '', NULL, 'C15H27N3O8', 377.1798148591, NULL, NULL, 7, '102', NULL, 0, 0),
(209, NULL, NULL, NULL, 3, 'other', 'Cyclotryprostatine D', '', NULL, 'C21H21N3O4', 379.1532061781, NULL, NULL, NULL, NULL, NULL, 0, 0),
(210, NULL, NULL, NULL, 3, 'other', 'fumitremorgin C', '', NULL, 'C22H25N3O3', 379.1895916844, NULL, NULL, NULL, NULL, NULL, 0, 0),
(211, NULL, NULL, NULL, 3, 'other', 'Cyclotryprostatine C', '', NULL, 'C21H23N3O4', 381.1688562423, NULL, NULL, NULL, NULL, NULL, 0, 0),
(212, NULL, NULL, NULL, 3, 'other', 'tryprostatin A', '', NULL, 'C22H27N3O3', 381.2052417486, NULL, NULL, NULL, NULL, NULL, 0, 0),
(213, NULL, NULL, NULL, 3, 'other', 'Pyrocatechin violet', '', NULL, 'C19H14O7S', 386.0460234941, NULL, NULL, NULL, NULL, NULL, 0, 0),
(214, NULL, NULL, NULL, 3, 'other', 'N-deoxyschizokinen A', '', NULL, 'C16H26N4O7', 386.1801492101, NULL, NULL, NULL, NULL, NULL, 0, 0),
(215, NULL, NULL, NULL, 3, 'other', 'Aspernidine D', '', NULL, 'C24H34O4', 386.2457095798, NULL, NULL, NULL, NULL, NULL, 0, 0),
(216, NULL, NULL, NULL, 3, 'other', 'Sphingofungin B', '', NULL, 'C20H39NO6', 389.2777379897, NULL, NULL, NULL, NULL, NULL, 0, 0),
(217, NULL, NULL, NULL, 3, 'other', 'Gliotoxin G', '', NULL, 'C13H14N2O4S4', 389.9836397082, NULL, NULL, NULL, NULL, NULL, 0, 0),
(218, NULL, NULL, NULL, 3, 'other', '6-methoxyspirotryprostatin B', '', NULL, 'C22H23N3O4', 393.1688562423, NULL, NULL, NULL, NULL, NULL, 0, 0),
(219, NULL, NULL, NULL, 3, 'other', 'Spirotryprostatin A', '', NULL, 'C22H25N3O4', 395.1845063065, NULL, NULL, NULL, NULL, NULL, 0, 0),
(220, NULL, NULL, NULL, 3, 'other', 'F 9775A', '', NULL, 'C21H16O8', 396.0845174904, NULL, NULL, NULL, NULL, NULL, 0, 0),
(221, NULL, NULL, NULL, 3, 'other', 'F 9775B', '', NULL, 'C21H16O8', 396.0845174904, NULL, NULL, NULL, NULL, NULL, 0, 0),
(222, NULL, NULL, NULL, 3, 'other', 'Ergosterol', '', NULL, 'C28H44O', 396.3392160345, NULL, NULL, NULL, NULL, NULL, 0, 0),
(223, NULL, NULL, NULL, 3, 'other', 'Vanchrobactin', '', NULL, 'C16H23N5O7', 397.159748119, NULL, NULL, 7, '118', NULL, 0, 0),
(224, NULL, NULL, NULL, 3, 'other', '24S-Methylcholesta-5,22-dien-3-ol; 4,22-Ergostadien-3-ol', '', NULL, 'C28H46O', 398.3548660987, NULL, NULL, NULL, NULL, NULL, 0, 0),
(225, NULL, NULL, NULL, 3, 'other', 'Aspernidine A', '', NULL, 'C24H33NO4', 399.2409585529, NULL, NULL, NULL, NULL, NULL, 0, 0),
(226, NULL, NULL, NULL, 3, 'other', 'Bisucaberin', '', NULL, 'C18H32N4O6', 400.2321847806, NULL, NULL, 7, '64', NULL, 0, 0),
(227, NULL, NULL, NULL, 3, 'other', 'Sphingofungin F', '', NULL, 'C21H39NO6', 401.2777379897, NULL, NULL, NULL, NULL, NULL, 0, 0),
(228, NULL, NULL, NULL, 3, 'other', 'tryptoquivaline F', '', NULL, 'C22H18N4O4', 402.132805087, NULL, NULL, NULL, NULL, NULL, 0, 0),
(229, NULL, NULL, NULL, 3, 'other', 'fumitremorgin J (tryptoquivaline J)', '', NULL, 'C22H18N4O4', 402.132805087, NULL, NULL, NULL, NULL, NULL, 0, 0),
(230, NULL, NULL, NULL, 3, 'other', 'tryptoquivaline O', '', NULL, 'C22H18N4O4', 402.132805087, NULL, NULL, NULL, NULL, NULL, 0, 0),
(231, NULL, NULL, NULL, 3, 'other', 'Schizokinen A', '', NULL, 'C16H26N4O8', 402.1750638322, NULL, NULL, 7, '105', NULL, 0, 0),
(232, NULL, NULL, NULL, 3, 'other', 'Aspernidine E', '', NULL, 'C24H34O5', 402.2406242019, NULL, NULL, NULL, NULL, NULL, 0, 0),
(233, NULL, NULL, NULL, 3, 'other', 'Salmochelin SX (Pacifarinic acid)', '', NULL, 'C16H21N1O11', 403.1114605224, NULL, NULL, 7, '241', NULL, 0, 0),
(234, NULL, NULL, NULL, 3, 'other', 'Myxochelin B', '', NULL, 'C20H25N3O6', 403.1743355507, NULL, NULL, NULL, NULL, NULL, 0, 0);
INSERT INTO `msb_sequence` (`id`, `n_modification_id`, `c_modification_id`, `b_modification_id`, `container_id`, `sequence_type`, `sequence_name`, `sequence`, `sequence_original`, `sequence_formula`, `sequence_mass`, `sequence_smiles`, `usmiles`, `source`, `identifier`, `decays`, `unique_block_count`, `block_count`) VALUES
(235, NULL, NULL, NULL, 3, 'other', 'Myxochelin A', '', NULL, 'C20H24N2O7', 404.1583511355, NULL, NULL, 7, '293', NULL, 0, 0),
(236, NULL, NULL, NULL, 3, 'other', 'Alcaligin', '', NULL, 'C16H28N4O8', 404.1907138964, NULL, NULL, 7, '53', NULL, 0, 0),
(237, NULL, NULL, NULL, 3, 'other', 'N-deoxyschizokinen', '', NULL, 'C16H28N4O8', 404.1907138964, NULL, NULL, 7, '286', NULL, 0, 0),
(238, NULL, NULL, NULL, 3, 'other', 'Shamixanthone', '', NULL, 'C25H26O5', 406.1780239451, NULL, NULL, NULL, NULL, NULL, 0, 0),
(239, NULL, NULL, NULL, 3, 'other', 'Emericellin', '', NULL, 'C25H28O5', 408.1936740093, NULL, NULL, NULL, NULL, NULL, 0, 0),
(240, NULL, NULL, NULL, 3, 'other', 'Orlandin', '', NULL, 'C22H18O8', 410.1001675546, NULL, NULL, NULL, NULL, NULL, 0, 0),
(241, NULL, NULL, NULL, 3, 'other', 'Benarthin', '', NULL, 'C17H25N5O7', 411.1753981832, NULL, NULL, 7, '263', NULL, 0, 0),
(242, NULL, NULL, NULL, 3, 'other', 'Verruculogen TR 3', '', NULL, 'C22H25N3O5', 411.1794209286, NULL, NULL, NULL, NULL, NULL, 0, 0),
(243, NULL, NULL, NULL, 3, 'other', 'Cyclotryprostatine A', '', NULL, 'C22H25N3O5', 411.1794209286, NULL, NULL, NULL, NULL, NULL, 0, 0),
(244, NULL, NULL, NULL, 3, 'other', 'Synerazol', '', NULL, 'C22H23NO7', 413.1474520982, NULL, NULL, NULL, NULL, NULL, 0, 0),
(245, NULL, NULL, NULL, 3, 'other', 'Aspernidine C', '', NULL, 'C25H35NO4', 413.2566086171, NULL, NULL, NULL, NULL, NULL, 0, 0),
(246, NULL, NULL, NULL, 3, 'other', 'Serratiochelin', '', NULL, 'C20H21N3O7', 415.1379500444, NULL, NULL, 7, '288', NULL, 0, 0),
(247, NULL, NULL, NULL, 3, 'other', 'Fusarin Y', '', NULL, 'C22H25NO7', 415.1631021624, NULL, NULL, NULL, NULL, NULL, 0, 0),
(248, NULL, NULL, NULL, 3, 'other', '-12-hydroxyverruculogen TR-2', '', NULL, 'C21H25N3O6', 415.1743355507, NULL, NULL, NULL, NULL, NULL, 0, 0),
(249, NULL, NULL, NULL, 3, 'other', 'Fusarin A', '', NULL, 'C23H29NO6', 415.1994876687, NULL, NULL, NULL, NULL, NULL, 0, 0),
(250, NULL, NULL, NULL, 3, 'other', 'Pseurotin F2', '', NULL, 'C21H23NO8', 417.1423667203, NULL, NULL, NULL, NULL, NULL, 0, 0),
(251, NULL, NULL, NULL, 3, 'other', 'Pistillarin', '', NULL, 'C21H27N3O6', 417.1899856149, NULL, NULL, 7, '85', NULL, 0, 0),
(252, NULL, NULL, NULL, 3, 'other', 'Sphingofungin E', '', NULL, 'C21H39NO7', 417.2726526118, NULL, NULL, NULL, NULL, NULL, 0, 0),
(253, NULL, NULL, NULL, 3, 'other', 'Tryptoquivaline H', '', NULL, 'C22H18N4O5', 418.1277197091, NULL, NULL, NULL, NULL, NULL, 0, 0),
(254, NULL, NULL, NULL, 3, 'other', 'Tryptoquivaline E', '', NULL, 'C22H18N4O5', 418.1277197091, NULL, NULL, NULL, NULL, NULL, 0, 0),
(255, NULL, NULL, NULL, 3, 'other', 'Azotochelin', '', NULL, 'C20H22N2O8', 418.1376156934, NULL, NULL, 7, '87', NULL, 0, 0),
(256, NULL, NULL, NULL, 3, 'other', 'Bisucaberin B', '', NULL, 'C18H34N4O7', 418.2427494669, NULL, NULL, NULL, NULL, NULL, 0, 0),
(257, NULL, NULL, NULL, 3, 'other', 'Schizokinen', '', NULL, 'C16H28N4O9', 420.1856285185, NULL, NULL, 7, '104', NULL, 0, 0),
(258, NULL, NULL, NULL, 3, 'other', 'Norrhizoferrin', '', NULL, 'C15H22N2O12', 422.1172741818, NULL, NULL, NULL, NULL, NULL, 0, 0),
(259, NULL, NULL, NULL, 3, 'other', 'Demethylkotanin', '', NULL, 'C23H20O8', 424.1158176188, NULL, NULL, NULL, NULL, NULL, 0, 0),
(260, NULL, NULL, NULL, 3, 'other', 'Cyclotryprostatine B', '', NULL, 'C23H27N3O5', 425.1950709928, NULL, NULL, NULL, NULL, NULL, 0, 0),
(261, NULL, NULL, NULL, 3, 'other', 'Protostadienol', '', NULL, 'C30H50O', 426.3861662271, NULL, NULL, NULL, NULL, NULL, 0, 0),
(262, NULL, NULL, NULL, 3, 'other', 'cyclo-(Pro-trans-4-OH-Pro)', '', NULL, 'C22H25N3O6', 427.1743355507, NULL, NULL, NULL, NULL, NULL, 0, 0),
(263, NULL, NULL, NULL, 3, 'other', 'Ergosterol peroxide', '', NULL, 'C28H44O3', 428.3290452787, NULL, NULL, NULL, NULL, NULL, 0, 0),
(264, NULL, NULL, NULL, 3, 'other', '2-Azaspiro[4,4]non-7-ene-1,6-dione, 3-benzoyl-8-(1,2-dihydroxy-5-oxo-3-hexenyl)-3,4-dihydroxy-7-methyl-, [3S-[3,4,5(1S*,2R*,3E)]]- (9CI)', '', NULL, 'C22H23NO8', 429.1423667203, NULL, NULL, NULL, NULL, NULL, 0, 0),
(265, NULL, NULL, NULL, 3, 'other', 'Serratiochelins A', '', NULL, 'C21H23N3O7', 429.1536001086, NULL, NULL, 7, '300', NULL, 0, 0),
(266, NULL, NULL, NULL, 3, 'other', 'verruculogen TR-2', '', NULL, 'C22H27N3O6', 429.1899856149, NULL, NULL, NULL, NULL, NULL, 0, 0),
(267, NULL, NULL, NULL, 3, 'other', 'pseurotin A', '', NULL, 'C22H25NO8', 431.1580167845, NULL, NULL, NULL, NULL, NULL, 0, 0),
(268, NULL, NULL, NULL, 3, 'other', 'pseurotin A1', '', NULL, 'C22H25NO8', 431.1580167845, NULL, NULL, NULL, NULL, NULL, 0, 0),
(269, NULL, NULL, NULL, 3, 'other', 'Pseurotin D', '', NULL, 'C22H25NO8', 431.1580167845, NULL, NULL, NULL, NULL, NULL, 0, 0),
(270, NULL, NULL, NULL, 3, 'other', 'Fusarin C', '', NULL, 'C23H29NO7', 431.1944022908, NULL, NULL, NULL, NULL, NULL, 0, 0),
(271, NULL, NULL, NULL, 3, 'other', 'Fumifungin', '', NULL, 'C22H41NO7', 431.288302676, NULL, NULL, NULL, NULL, NULL, 0, 0),
(272, NULL, NULL, NULL, 3, 'other', 'Sphingofungin C', '', NULL, 'C22H41NO7', 431.288302676, NULL, NULL, NULL, NULL, NULL, 0, 0),
(273, NULL, NULL, NULL, 3, 'other', 'Sphingofungin D', '', NULL, 'C22H41NO7', 431.288302676, NULL, NULL, NULL, NULL, NULL, 0, 0),
(274, NULL, NULL, NULL, 3, 'other', 'Sphingofungin A', '', NULL, 'C21H41N3O6', 431.2995360643, NULL, NULL, NULL, NULL, NULL, 0, 0),
(275, NULL, NULL, NULL, 3, 'other', 'Tryptoquivaline L', '', NULL, 'C23H20N4O5', 432.1433697733, NULL, NULL, NULL, NULL, NULL, 0, 0),
(276, NULL, NULL, NULL, 3, 'other', 'Tryptoquivaline G', '', NULL, 'C23H20N4O5', 432.1433697733, NULL, NULL, NULL, NULL, NULL, 0, 0),
(277, NULL, NULL, NULL, 3, 'other', 'Vibrioferrin', '', NULL, 'C16H22N2O12', 434.1172741818, NULL, NULL, 7, '201', NULL, 0, 0),
(278, NULL, NULL, NULL, 3, 'other', 'rhizoferrin', '', NULL, 'C16H24N2O12', 436.132924246, NULL, NULL, 7, '65', NULL, 0, 0),
(279, NULL, NULL, NULL, 3, 'other', '(S,S) enantio Rhizoferrin', '', NULL, 'C16H24N2O12', 436.132924246, NULL, NULL, 7, '86', NULL, 0, 0),
(280, NULL, NULL, NULL, 3, 'other', 'Heterobactin B', '', NULL, 'C19H27N5O7', 437.1910482474, NULL, NULL, 7, '205', NULL, 0, 0),
(281, NULL, NULL, NULL, 3, 'other', 'Kotanin', '', NULL, 'C24H22O8', 438.131467683, NULL, NULL, NULL, NULL, NULL, 0, 0),
(282, NULL, NULL, NULL, 3, 'other', 'fumiquinazolines D', '', NULL, 'C24H21N5O4', 443.1593541885, NULL, NULL, NULL, NULL, NULL, 0, 0),
(283, NULL, NULL, NULL, 3, 'other', 'Fumiquinazoline C', '', NULL, 'C24H21N5O4', 443.1593541885, NULL, NULL, NULL, NULL, NULL, 0, 0),
(284, NULL, NULL, NULL, 3, 'other', 'Cycloprostatine E', '', NULL, 'C23H29N3O6', 443.2056356791, NULL, NULL, NULL, NULL, NULL, 0, 0),
(285, NULL, NULL, NULL, 3, 'other', 'Pseurotin E', '', NULL, 'C22H23NO9', 445.1372813424, NULL, NULL, NULL, NULL, NULL, 0, 0),
(286, NULL, NULL, NULL, 3, 'other', '11-O-methylpseurotin A', '', NULL, 'C23H27NO8', 445.1736668487, NULL, NULL, NULL, NULL, NULL, 0, 0),
(287, NULL, NULL, NULL, 3, 'other', '11-O-methylpseurotin A2', '', NULL, 'C23H27NO8', 445.1736668487, NULL, NULL, NULL, NULL, NULL, 0, 0),
(288, NULL, NULL, NULL, 3, 'other', 'fumiquinazolines A', '', NULL, 'C24H23N5O4', 445.1750042527, NULL, NULL, NULL, NULL, NULL, 0, 0),
(289, NULL, NULL, NULL, 3, 'other', 'Fumiquinazoline B', '', NULL, 'C24H23N5O4', 445.1750042527, NULL, NULL, NULL, NULL, NULL, 0, 0),
(290, NULL, NULL, NULL, 3, 'other', 'Pseurotin B', '', NULL, 'C22H25NO9', 447.1529314066, NULL, NULL, NULL, NULL, NULL, 0, 0),
(291, NULL, NULL, NULL, 3, 'other', 'Pseurotin C', '', NULL, 'C22H25NO9', 447.1529314066, NULL, NULL, NULL, NULL, NULL, 0, 0),
(292, NULL, NULL, NULL, 3, 'other', 'Serratiochelins B', '', NULL, 'C21H25N3O8', 447.1641647949, NULL, NULL, 7, '299', NULL, 0, 0),
(293, NULL, NULL, NULL, 3, 'other', 'Serratiochelins C', '', NULL, 'C21H25N3O8', 447.1641647949, NULL, NULL, 7, '298', NULL, 0, 0),
(294, NULL, NULL, NULL, 3, 'other', 'Fusarin X', '', NULL, 'C23H29NO8', 447.1893169129, NULL, NULL, NULL, NULL, NULL, 0, 0),
(295, NULL, NULL, NULL, 3, 'other', 'Staphyloferrin B', '', NULL, 'C16H24N4O11', 448.1441576343, NULL, NULL, 7, '43', NULL, 0, 0),
(296, NULL, NULL, NULL, 3, 'other', '2-Oxorhizoferrin', '', NULL, 'C16H22N2O13', 450.1121888039, NULL, NULL, NULL, NULL, NULL, 0, 0),
(297, NULL, NULL, NULL, 3, 'other', 'Homorhizoferrin', '', NULL, 'C17H26N2O12', 450.1485743102, NULL, NULL, NULL, NULL, NULL, 0, 0),
(298, NULL, NULL, NULL, 3, 'other', 'Pyripyropene E', '', NULL, 'C27H33NO5', 451.235873175, NULL, NULL, NULL, NULL, NULL, 0, 0),
(299, NULL, NULL, NULL, 3, 'other', 'Oxahomorhizoferrin', '', NULL, 'C16H24N2O13', 452.1278388681, NULL, NULL, NULL, NULL, NULL, 0, 0),
(300, NULL, NULL, NULL, 3, 'other', 'Dehydroaustinol', '', NULL, 'C25H28O8', 456.1784178756, NULL, NULL, NULL, NULL, NULL, 0, 0),
(301, NULL, NULL, NULL, 3, 'other', 'Austinol', '', NULL, 'C25H30O8', 458.1940679398, NULL, NULL, NULL, NULL, NULL, 0, 0),
(302, NULL, NULL, NULL, 3, 'other', 'Fumagillin', '', NULL, 'C26H34O7', 458.2304534461, NULL, NULL, NULL, NULL, NULL, 0, 0),
(303, NULL, NULL, NULL, 3, 'other', 'Desferrioxamine H', '', NULL, 'C20H36N4O8', 460.2533141532, NULL, NULL, 7, '116', NULL, 0, 0),
(304, NULL, NULL, NULL, 3, 'other', '3-hydroxyfumiquinazoline A', '', NULL, 'C24H23N5O5', 461.1699188748, NULL, NULL, NULL, NULL, NULL, 0, 0),
(305, NULL, NULL, NULL, 3, 'other', '2-Methylhomorhizoferrin', '', NULL, 'C18H28N2O12', 464.1642243744, NULL, NULL, NULL, NULL, NULL, 0, 0),
(306, NULL, NULL, NULL, 3, 'other', 'Pyripyropene F', '', NULL, 'C28H35NO5', 465.2515232392, NULL, NULL, NULL, NULL, NULL, 0, 0),
(307, NULL, NULL, NULL, 3, 'other', 'Pyripyropene G', '', NULL, 'C27H33NO6', 467.2307877971, NULL, NULL, NULL, NULL, NULL, 0, 0),
(308, NULL, NULL, NULL, 3, 'other', 'Tryptoquivaline N', '', NULL, 'C26H24N4O5', 472.1746699017, NULL, NULL, NULL, NULL, NULL, 0, 0),
(309, NULL, NULL, NULL, 3, 'other', 'Fumiquinazoline E', '', NULL, 'C25H25N5O5', 475.185568939, NULL, NULL, NULL, NULL, NULL, 0, 0),
(310, NULL, NULL, NULL, 3, 'other', 'Fumagiringillin', '', NULL, 'C26H36O8', 476.2410181324, NULL, NULL, NULL, NULL, NULL, 0, 0),
(311, NULL, NULL, NULL, 3, 'other', 'Arthrobactin', '', NULL, 'C20H36N4O9', 476.2482287753, NULL, NULL, 7, '76', NULL, 0, 0),
(312, NULL, NULL, NULL, 3, 'other', 'Fumitremorgin B', '', NULL, 'C27H33N3O5', 479.2420211854, NULL, NULL, NULL, NULL, NULL, 0, 0),
(313, NULL, NULL, NULL, 3, 'other', 'Staphyloferrin A', '', NULL, 'C17H24N2O14', 480.1227534902, NULL, NULL, 7, '8', NULL, 0, 0),
(314, NULL, NULL, NULL, 3, 'other', 'Yersiniabactin', '', NULL, 'C21H27N3O4S3', 481.1163684407, NULL, NULL, 7, '60', NULL, 0, 0),
(315, NULL, NULL, NULL, 3, 'other', 'Pyripyropene H', '', NULL, 'C28H35NO6', 481.2464378613, NULL, NULL, NULL, NULL, NULL, 0, 0),
(316, NULL, NULL, NULL, 3, 'other', 'Dimerumic acid', '', NULL, 'C22H36N4O8', 484.2533141532, NULL, NULL, 7, '3', NULL, 0, 0),
(317, NULL, NULL, NULL, 3, 'other', 'Pseudomonic acid C', '', NULL, 'C26H44O8', 484.3036183892, NULL, NULL, NULL, NULL, NULL, 0, 0),
(318, NULL, NULL, NULL, 3, 'other', 'Cepaciachelin', '', NULL, 'C24H32N4O7', 488.2270994027, NULL, NULL, NULL, NULL, NULL, 0, 0),
(319, NULL, NULL, NULL, 3, 'other', 'Terrequinone A', '', NULL, 'C32H30N2O3', 490.2256428397, NULL, NULL, NULL, NULL, NULL, 0, 0),
(320, NULL, NULL, NULL, 3, 'other', 'Corynebactin', '', NULL, 'C18H26N2O14', 494.1384035544, NULL, NULL, 7, '296', NULL, 0, 0),
(321, NULL, NULL, NULL, 3, 'other', 'Pseudomonic acid A', '', NULL, 'C26H44O9', 500.2985330113, NULL, NULL, NULL, NULL, NULL, 0, 0),
(322, NULL, NULL, NULL, 3, 'other', 'Tryptoquivaline I', '', NULL, 'C27H26N4O6', 502.185234588, NULL, NULL, NULL, NULL, NULL, 0, 0),
(323, NULL, NULL, NULL, 3, 'other', 'Fusarinine A', '', NULL, 'C22H38N4O9', 502.2638788395, NULL, NULL, 7, '306', NULL, 0, 0),
(324, NULL, NULL, NULL, 3, 'other', 'Synechobactin C', '', NULL, 'C22H40N4O9', 504.2795289037, NULL, NULL, 7, '272', NULL, 0, 0),
(325, NULL, NULL, NULL, 3, 'other', 'Pyripyropene O', '', NULL, 'C29H35NO7', 509.2413524834, NULL, NULL, NULL, NULL, NULL, 0, 0),
(326, NULL, NULL, NULL, 3, 'other', 'verruculogen', '', NULL, 'C27H33N3O7', 511.2318504296, NULL, NULL, NULL, NULL, NULL, 0, 0),
(327, NULL, NULL, NULL, 3, 'other', 'Pseudomonic acid B', '', NULL, 'C26H44O10', 516.2934476334, NULL, NULL, NULL, NULL, NULL, 0, 0),
(328, NULL, NULL, NULL, 3, 'other', 'Pyripyropene P', '', NULL, 'C30H37NO7', 523.2570025476, NULL, NULL, NULL, NULL, NULL, 0, 0),
(329, NULL, NULL, NULL, 3, 'other', 'Pyripyropene R', '', NULL, 'C30H37NO7', 523.2570025476, NULL, NULL, NULL, NULL, NULL, 0, 0),
(330, NULL, NULL, NULL, 3, 'other', 'Helvolinic acid', '', NULL, 'C31H42O7', 526.2930537029, NULL, NULL, NULL, NULL, NULL, 0, 0),
(331, NULL, NULL, NULL, 3, 'other', 'Rhizobactin 1021', '', NULL, 'C24H42N4O9', 530.2951789679, NULL, NULL, 7, '103', NULL, 0, 0),
(332, NULL, NULL, NULL, 3, 'other', 'Tryptoquivaline D', '', NULL, 'C28H28N4O7', 532.1957992743, NULL, NULL, NULL, NULL, NULL, 0, 0),
(333, NULL, NULL, NULL, 3, 'other', 'Tryptoquivaline M', '', NULL, 'C28H28N4O7', 532.1957992743, NULL, NULL, NULL, NULL, NULL, 0, 0),
(334, NULL, NULL, NULL, 3, 'other', 'Norisotryptoquivaline', '', NULL, 'C28H28N4O7', 532.1957992743, NULL, NULL, NULL, NULL, NULL, 0, 0),
(335, NULL, NULL, NULL, 3, 'other', 'Synechobactin B', '', NULL, 'C24H44N4O9', 532.3108290321, NULL, NULL, 7, '271', NULL, 0, 0),
(336, NULL, NULL, NULL, 3, 'other', 'Desferrioxamine A2', '', NULL, 'C23H44N6O8', 532.3220624204, NULL, NULL, 7, '107', NULL, 0, 0),
(337, NULL, NULL, NULL, 3, 'other', 'Pyripyropene Q', '', NULL, 'C30H37NO8', 539.2519171697, NULL, NULL, NULL, NULL, NULL, 0, 0),
(338, NULL, NULL, NULL, 3, 'other', 'tryptoquivaline C', '', NULL, 'C29H30N4O7', 546.2114493385, NULL, NULL, NULL, NULL, NULL, 0, 0),
(339, NULL, NULL, NULL, 3, 'other', 'Isotryptoquivaline', '', NULL, 'C29H30N4O7', 546.2114493385, NULL, NULL, NULL, NULL, NULL, 0, 0),
(340, NULL, NULL, NULL, 3, 'other', 'Desferrioxamine A1', '', NULL, 'C24H46N6O8', 546.3377124846, NULL, NULL, 7, '106', NULL, 0, 0),
(341, NULL, NULL, NULL, 3, 'other', 'Micacocidin P2', '', NULL, 'C26H35N3O4S3', 549.1789686975, NULL, NULL, NULL, NULL, NULL, 0, 0),
(342, NULL, NULL, NULL, 3, 'other', 'Micacocidin P1', '', NULL, 'C26H37N3O4S3', 551.1946187617, NULL, NULL, NULL, NULL, NULL, 0, 0),
(343, NULL, NULL, NULL, 3, 'other', 'Pyripyropene N', '', NULL, 'C31H39NO8', 553.2675672339, NULL, NULL, NULL, NULL, NULL, 0, 0),
(344, NULL, NULL, NULL, 3, 'other', 'Desferrioxamine X2', '', NULL, 'C24H42N6O9', 558.3013269783, NULL, NULL, 7, '128', NULL, 0, 0),
(345, NULL, NULL, NULL, 3, 'other', 'Synechobactin A', '', NULL, 'C26H48N4O9', 560.3421291605, NULL, NULL, 7, '270', NULL, 0, 0),
(346, NULL, NULL, NULL, 3, 'other', 'Desferrioxamine B', '', NULL, 'C25H48N6O8', 560.3533625488, NULL, NULL, 7, '45', NULL, 0, 0),
(347, NULL, NULL, NULL, 3, 'other', 'Micacocidin P3', '', NULL, 'C27H37N3O4S3', 563.1946187617, NULL, NULL, NULL, NULL, NULL, 0, 0),
(348, NULL, NULL, NULL, 3, 'other', 'Aerobactin', '', NULL, 'C22H36N4O13', 564.2278872637, NULL, NULL, 7, '70', NULL, 0, 0),
(349, NULL, NULL, NULL, 3, 'other', 'Micacocidin', '', NULL, 'C27H39N3O4S3', 565.2102688259, NULL, NULL, 7, '287', NULL, 0, 0),
(350, NULL, NULL, NULL, 3, 'other', 'Coelichelin', '', NULL, 'C21H39N7O11', 565.2707551314, NULL, NULL, 7, '156', NULL, 0, 0),
(351, NULL, NULL, NULL, 3, 'other', 'helvolic acid', '', NULL, 'C33H44O8', 568.3036183892, NULL, NULL, NULL, NULL, NULL, 0, 0),
(352, NULL, NULL, NULL, 3, 'other', 'Acetoxyverruculogen', '', NULL, 'C29H35N3O9', 569.237329738, NULL, NULL, NULL, NULL, NULL, 0, 0),
(353, NULL, NULL, NULL, 3, 'other', '29-Nordammara-1,17(20),24-trien-21-oic acid, 6,16-bis(acetyloxy)-3-hydroxy-7-oxo-, (4,6,8,9,13,14,16,17Z)- (9CI)', '', NULL, 'C33H46O8', 570.3192684534, NULL, NULL, NULL, NULL, NULL, 0, 0),
(354, NULL, NULL, NULL, 3, 'other', 'Desferrioxamine X1', '', NULL, 'C25H44N6O9', 572.3169770425, NULL, NULL, 7, '126', NULL, 0, 0),
(355, NULL, NULL, NULL, 3, 'other', 'Nocardia heterobactin (JBIR-16)', '', NULL, 'C26H31N5O10', 573.2070922421, NULL, NULL, 7, '206', NULL, 0, 0),
(356, NULL, NULL, NULL, 3, 'other', 'Tryptoquivaline M acetate', '', NULL, 'C30H30N4O8', 574.2063639606, NULL, NULL, NULL, NULL, NULL, 0, 0),
(357, NULL, NULL, NULL, 3, 'other', 'Demethyltryptoquivaline A', '', NULL, 'C30H30N4O8', 574.2063639606, NULL, NULL, NULL, NULL, NULL, 0, 0),
(358, NULL, NULL, NULL, 3, 'other', 'Desferrioxamine N', '', NULL, 'C26H50N6O8', 574.369012613, NULL, NULL, NULL, NULL, NULL, 0, 0),
(359, NULL, NULL, NULL, 3, 'other', 'Foroxymithine', '', NULL, 'C22H37N7O11', 575.2551050672, NULL, NULL, 7, '231', NULL, 0, 0),
(360, NULL, NULL, NULL, 3, 'other', 'Micacocidin P5', '', NULL, 'C28H39N3O4S3', 577.2102688259, NULL, NULL, NULL, NULL, NULL, 0, 0),
(361, NULL, NULL, NULL, 3, 'other', 'Micacocidin P4', '', NULL, 'C28H41N3O4S3', 579.2259188901, NULL, NULL, NULL, NULL, NULL, 0, 0),
(362, NULL, NULL, NULL, 3, 'other', 'Fumitremorgin A', '', NULL, 'C32H41N3O7', 579.2944506864, NULL, NULL, NULL, NULL, NULL, 0, 0),
(363, NULL, NULL, NULL, 3, 'other', 'Pyripyropene M', '', NULL, 'C32H39NO9', 581.262481856, NULL, NULL, NULL, NULL, NULL, 0, 0),
(364, NULL, NULL, NULL, 3, 'other', 'Pyripyropene A', '', NULL, 'C31H37NO10', 583.2417464139, NULL, NULL, NULL, NULL, NULL, 0, 0),
(365, NULL, NULL, NULL, 3, 'other', 'Acinetoferrin', '', NULL, 'C28H48N4O9', 584.3421291605, NULL, NULL, 7, '46', NULL, 0, 0),
(366, NULL, NULL, NULL, 3, 'other', 'Micacocidin P6', '', NULL, 'C26H36ClN3O4S3', 585.1556467296, NULL, NULL, NULL, NULL, NULL, 0, 0),
(367, NULL, NULL, NULL, 3, 'other', 'Desferrioxamine D2', '', NULL, 'C26H46N6O9', 586.3326271067, NULL, NULL, 7, '110', NULL, 0, 0),
(368, NULL, NULL, NULL, 3, 'other', 'Achromobactin', '', NULL, 'C22H29N3O16', 591.1547819001, NULL, NULL, 7, '91', NULL, 0, 0),
(369, NULL, NULL, NULL, 3, 'other', 'Maduraferrin', '', NULL, 'C26H37N7O9', 591.265275823, NULL, NULL, 7, '305', NULL, 0, 0),
(370, NULL, NULL, NULL, 3, 'other', 'Madurastatin C1', '', NULL, 'C26H37N7O9', 591.265275823, NULL, NULL, 7, '269', NULL, 0, 0),
(371, NULL, NULL, NULL, 3, 'other', 'Nigribactin', '', NULL, 'C30H32N4O9', 592.2169286469, NULL, NULL, 7, '312', NULL, 0, 0),
(372, NULL, NULL, NULL, 3, 'other', 'Pyripyropene B', '', NULL, 'C32H39NO10', 597.2573964781, NULL, NULL, NULL, NULL, NULL, 0, 0),
(373, NULL, NULL, NULL, 3, 'other', 'Pyripyropene C', '', NULL, 'C32H39NO10', 597.2573964781, NULL, NULL, NULL, NULL, NULL, 0, 0),
(374, NULL, NULL, NULL, 3, 'other', 'Pyripyropene D', '', NULL, 'C32H39NO10', 597.2573964781, NULL, NULL, NULL, NULL, NULL, 0, 0),
(375, NULL, NULL, NULL, 3, 'other', 'Heterobactin A', '', NULL, 'C27H30N6O10', 598.2023412152, NULL, NULL, 7, '204', NULL, 0, 0),
(376, NULL, NULL, NULL, 3, 'other', 'Desferrioxamine E', '', NULL, 'C27H48N6O9', 600.3482771709, NULL, NULL, 7, '49', NULL, 0, 0),
(377, NULL, NULL, NULL, 3, 'other', 'Desferrioxamine Et1', '', NULL, 'C26H46N6O10', 602.3275417288, NULL, NULL, NULL, NULL, NULL, 0, 0),
(378, NULL, NULL, NULL, 3, 'other', 'Desferrioxamine D1', '', NULL, 'C27H50N6O9', 602.3639272351, NULL, NULL, 7, '109', NULL, 0, 0),
(379, NULL, NULL, NULL, 3, 'other', 'Erythrochelin', '', NULL, 'C24H41N7O11', 603.2864051956, NULL, NULL, 7, '190', NULL, 0, 0),
(380, NULL, NULL, NULL, 3, 'other', 'Nidulanin', '', NULL, 'C34H45N5O5', 603.342069581, NULL, NULL, NULL, NULL, NULL, 0, 0),
(381, NULL, NULL, NULL, 3, 'other', 'Mirubactin', '', NULL, 'C26H32N6O11', 604.2129059015, NULL, NULL, 7, '297', NULL, 0, 0),
(382, NULL, NULL, NULL, 3, 'other', 'Desferrioxamine Et2', '', NULL, 'C25H44N6O11', 604.3068062867, NULL, NULL, NULL, NULL, NULL, 0, 0),
(383, NULL, NULL, NULL, 3, 'other', 'Desferrioxamine G2A', '', NULL, 'C26H48N6O10', 604.343191793, NULL, NULL, 7, '112', NULL, 0, 0),
(384, NULL, NULL, NULL, 3, 'other', 'Desferrioxamine G2B', '', NULL, 'C26H48N6O10', 604.343191793, NULL, NULL, 7, '114', NULL, 0, 0),
(385, NULL, NULL, NULL, 3, 'other', 'Desferrioxamine G2C', '', NULL, 'C26H48N6O10', 604.343191793, NULL, NULL, 7, '115', NULL, 0, 0),
(386, NULL, NULL, NULL, 3, 'other', 'Desferrioxamine Et3', '', NULL, 'C24H42N6O12', 606.2860708446, NULL, NULL, NULL, NULL, NULL, 0, 0),
(387, NULL, NULL, NULL, 3, 'other', 'Exochelin MS', '', NULL, 'C23H44N8O11', 608.3129542971, NULL, NULL, 7, '173', NULL, 0, 0),
(388, NULL, NULL, NULL, 3, 'other', 'Emericellamide A', '', NULL, 'C31H55N5O7', 609.4101491462, NULL, NULL, NULL, NULL, NULL, 0, 0),
(389, NULL, NULL, NULL, 3, 'other', 'Pyripyropene J', '', NULL, 'C33H41NO10', 611.2730465423, NULL, NULL, NULL, NULL, NULL, 0, 0),
(390, NULL, NULL, NULL, 3, 'other', 'Pyripyropene K', '', NULL, 'C33H41NO10', 611.2730465423, NULL, NULL, NULL, NULL, NULL, 0, 0),
(391, NULL, NULL, NULL, 3, 'other', 'Pyripyropene L', '', NULL, 'C33H41NO10', 611.2730465423, NULL, NULL, NULL, NULL, NULL, 0, 0),
(392, NULL, NULL, NULL, 3, 'other', 'Desferrioxamine X3', '', NULL, 'C28H50N6O9', 614.3639272351, NULL, NULL, 7, '129', NULL, 0, 0),
(393, NULL, NULL, NULL, 3, 'other', 'Desferrioxamine P1', '', NULL, 'C26H45N7O10', 615.3227907019, NULL, NULL, NULL, NULL, NULL, 0, 0),
(394, NULL, NULL, NULL, 3, 'other', 'Desferrioxamine Te1', '', NULL, 'C26H46N6O9S1', 618.3046977967, NULL, NULL, NULL, NULL, NULL, 0, 0),
(395, NULL, NULL, NULL, 3, 'other', 'Desferrioxamine G1', '', NULL, 'C27H50N6O10', 618.3588418572, NULL, NULL, 7, '50', NULL, 0, 0),
(396, NULL, NULL, NULL, 3, 'other', 'Parabactin', '', NULL, 'C32H36N4O9', 620.2482287753, NULL, NULL, 7, '179', NULL, 0, 0),
(397, NULL, NULL, NULL, 3, 'other', 'Fluvibactin', '', NULL, 'C31H34N4O10', 622.2274933332, NULL, NULL, 7, '177', NULL, 0, 0),
(398, NULL, NULL, NULL, 3, 'other', 'Protochelin', '', NULL, 'C31H36N4O10', 624.2431433974, NULL, NULL, 7, '89', NULL, 0, 0),
(399, NULL, NULL, NULL, 3, 'other', 'Pyripyropene I', '', NULL, 'C34H43NO10', 625.2886966065, NULL, NULL, NULL, NULL, NULL, 0, 0),
(400, NULL, NULL, NULL, 3, 'other', 'Salmochelin S1', '', NULL, 'C26H30N2O16', 626.159532927, NULL, NULL, 7, '242', NULL, 0, 0),
(401, NULL, NULL, NULL, 3, 'other', 'Neocoprogen II', '', NULL, 'C27H44N6O11', 628.3068062867, NULL, NULL, 7, '153', NULL, 0, 0),
(402, NULL, NULL, NULL, 3, 'other', 'Desferrioxamine X4', '', NULL, 'C29H52N6O9', 628.3795772993, NULL, NULL, 7, '130', NULL, 0, 0),
(403, NULL, NULL, NULL, 3, 'other', 'Ergosteryl palmitate', '', NULL, 'C44H74O2', 634.5688816196, NULL, NULL, NULL, NULL, NULL, 0, 0),
(404, NULL, NULL, NULL, 3, 'other', 'Agrobactin', '', NULL, 'C32H36N4O10', 636.2431433974, NULL, NULL, 7, '176', NULL, 0, 0),
(405, NULL, NULL, NULL, 3, 'other', 'Desferrioxamine Te2', '', NULL, 'C25H44N6O9S2', 636.2611184225, NULL, NULL, NULL, NULL, NULL, 0, 0),
(406, NULL, NULL, NULL, 3, 'other', 'Acyl-desferrioxamine 1', '', NULL, 'C31H52N6O8', 636.3846626772, NULL, NULL, 7, '213', NULL, 0, 0),
(407, NULL, NULL, NULL, 3, 'other', 'Parabactin A', '', NULL, 'C32H38N4O10', 638.2587934616, NULL, NULL, 7, '180', NULL, 0, 0),
(408, NULL, NULL, NULL, 3, 'other', 'Desferrioxamine Te3', '', NULL, 'C24H42N6O9S3', 654.2175390483, NULL, NULL, NULL, NULL, NULL, 0, 0),
(409, NULL, NULL, NULL, 3, 'other', 'Agrobactin A', '', NULL, 'C32H38N4O11', 654.2537080837, NULL, NULL, 7, '178', NULL, 0, 0),
(410, NULL, NULL, NULL, 3, 'other', 'Acyl-desferrioxamine 3', '', NULL, 'C32H62N6O8', 658.4629129982, NULL, NULL, 7, '221', NULL, 0, 0),
(411, NULL, NULL, NULL, 3, 'other', 'Enterobactin', '', NULL, 'C30H27N3O15', 669.1442172138, NULL, NULL, 7, '48', NULL, 0, 0),
(412, NULL, NULL, NULL, 3, 'other', 'Porocentrin', '', NULL, 'C39H60O9', 672.4237335249, NULL, NULL, 7, '196', NULL, 0, 0),
(413, NULL, NULL, NULL, 3, 'other', 'Vulnibactin', '', NULL, 'C35H39N5O9', 673.2747778768, NULL, NULL, 7, '181', NULL, 0, 0),
(414, NULL, NULL, NULL, 3, 'other', 'Acyl-desferrioxamine 2', '', NULL, 'C33H54N6O9', 678.3952273635, NULL, NULL, 7, '219', NULL, 0, 0),
(415, NULL, NULL, NULL, 3, 'other', 'Ornibactin C4', '', NULL, 'C26H48N8O13', 680.3340836697, NULL, NULL, NULL, NULL, NULL, 0, 0),
(416, NULL, NULL, NULL, 3, 'other', 'Exochelin MN', '', NULL, 'C28H49N11O9', 683.371472229, NULL, NULL, 7, '71', NULL, 0, 0),
(417, NULL, NULL, NULL, 3, 'other', 'Dimethylneocoprogen I', '', NULL, 'C31H52N6O11', 684.3694065435, NULL, NULL, 7, '155', NULL, 0, 0),
(418, NULL, NULL, NULL, 3, 'other', 'Dimethyltriornicin', '', NULL, 'C31H52N6O11', 684.3694065435, NULL, NULL, 7, '158', NULL, 0, 0),
(419, NULL, NULL, NULL, 3, 'other', 'Dimethylisoneocoprogen I', '', NULL, 'C31H52N6O11', 684.3694065435, NULL, NULL, NULL, NULL, NULL, 0, 0),
(420, NULL, NULL, NULL, 3, 'other', 'Acyl-desferrioxamine 4', '', NULL, 'C34H66N6O8', 686.4942131266, NULL, NULL, 7, '223', NULL, 0, 0),
(421, NULL, NULL, NULL, 3, 'other', 'Ferrichrome', '', NULL, 'C27H45N9O12', 687.3187679565, NULL, NULL, 7, '41', NULL, 0, 0),
(422, NULL, NULL, NULL, 3, 'other', 'Carboxymycobactin C2', '', NULL, 'C32H43N5O12', 689.2908218715, NULL, NULL, NULL, NULL, NULL, 0, 0),
(423, NULL, NULL, NULL, 3, 'other', 'Carboxymycobactin 3 C1', '', NULL, 'C32H45N5O12', 691.3064719357, NULL, NULL, NULL, NULL, NULL, 0, 0),
(424, NULL, NULL, NULL, 3, 'other', 'Amonabactin P693', '', NULL, 'C35H43N5O10', 693.3009926273, NULL, NULL, 7, '292', NULL, 0, 0),
(425, NULL, NULL, NULL, 3, 'other', 'Heterobactin S1', '', NULL, 'C27H33N7O13S', 695.185704873, NULL, NULL, NULL, NULL, NULL, 0, 0),
(426, NULL, NULL, NULL, 3, 'other', 'Heterobactin S2', '', NULL, 'C27H33N7O13S', 695.185704873, NULL, NULL, NULL, NULL, NULL, 0, 0),
(427, NULL, NULL, NULL, 3, 'other', 'isoneocoprogen I', '', NULL, 'C31H50N6O12', 698.3486711014, NULL, NULL, 7, '149', NULL, 0, 0),
(428, NULL, NULL, NULL, 3, 'other', 'isotriornicin', '', NULL, 'C31H50N6O12', 698.3486711014, NULL, NULL, 7, '151', NULL, 0, 0),
(429, NULL, NULL, NULL, 3, 'other', 'Neocoprogen I', '', NULL, 'C31H50N6O12', 698.3486711014, NULL, NULL, 7, '151', NULL, 0, 0),
(430, NULL, NULL, NULL, 3, 'other', 'Triornicin', '', NULL, 'C31H50N6O12', 698.3486711014, NULL, NULL, 7, '149', NULL, 0, 0),
(431, NULL, NULL, NULL, 3, 'other', 'Acyl-desferrioxamine 5', '', NULL, 'C34H64N6O9', 700.4734776845, NULL, NULL, 7, '225', NULL, 0, 0),
(432, NULL, NULL, NULL, 3, 'other', 'Ferrichrome C', '', NULL, 'C28H47N9O12', 701.3344180207, NULL, NULL, 7, '131', NULL, 0, 0),
(433, NULL, NULL, NULL, 3, 'other', 'Carboxymycobactin C3', '', NULL, 'C33H45N5O12', 703.3064719357, NULL, NULL, NULL, NULL, NULL, 0, 0),
(434, NULL, NULL, NULL, 3, 'other', 'Vibriobactin', '', NULL, 'C35H39N5O11', 705.264607121, NULL, NULL, 7, '52', NULL, 0, 0),
(435, NULL, NULL, NULL, 3, 'other', 'Carboxymycobactin 3 C2', '', NULL, 'C33H47N5O12', 705.3221219999, NULL, NULL, NULL, NULL, NULL, 0, 0),
(436, NULL, NULL, NULL, 3, 'other', 'Tsukubachelin', '', NULL, 'C27H49N9O13', 707.344982707, NULL, NULL, 7, '227', NULL, 0, 0),
(437, NULL, NULL, NULL, 3, 'other', 'Ornibactin C6', '', NULL, 'C28H52N8O13', 708.3653837981, NULL, NULL, NULL, NULL, NULL, 0, 0),
(438, NULL, NULL, NULL, 3, 'other', 'Hydroxyisoneocoprogen I', '', NULL, 'C31H50N6O13', 714.3435857235, NULL, NULL, 7, '161', NULL, 0, 0),
(439, NULL, NULL, NULL, 3, 'other', 'Hydroxyneocoprogen I', '', NULL, 'C31H50N6O13', 714.3435857235, NULL, NULL, 7, '160', NULL, 0, 0),
(440, NULL, NULL, NULL, 3, 'other', 'Sake colorant A', '', NULL, 'C29H49N9O12', 715.3500680849, NULL, NULL, 7, '132', NULL, 0, 0),
(441, NULL, NULL, NULL, 3, 'other', 'Mycobactin S C9', '', NULL, 'C36H53N5O10', 715.3792429483, NULL, NULL, NULL, NULL, NULL, 0, 0),
(442, NULL, NULL, NULL, 3, 'other', 'Desferrioxamine T8', '', NULL, 'C30H52N8O12', 716.370469176, NULL, NULL, 7, '125', NULL, 0, 0),
(443, NULL, NULL, NULL, 3, 'other', 'Carboxymycobactin C4', '', NULL, 'C34H47N5O12', 717.3221219999, NULL, NULL, NULL, NULL, NULL, 0, 0),
(444, NULL, NULL, NULL, 3, 'other', 'Ferricrocin', '', NULL, 'C28H47N9O13', 717.3293326428, NULL, NULL, 7, '40', NULL, 0, 0),
(445, NULL, NULL, NULL, 3, 'other', 'Petrobactin', '', NULL, 'C34H50N6O11', 718.3537564793, NULL, NULL, 7, '67', NULL, 0, 0),
(446, NULL, NULL, NULL, 3, 'other', 'Carboxymycobactin 3 C3', '', NULL, 'C34H49N5O12', 719.3377720641, NULL, NULL, NULL, NULL, NULL, 0, 0),
(447, NULL, NULL, NULL, 3, 'other', 'Carboxymycobactin 4 C2', '', NULL, 'C34H49N5O12', 719.3377720641, NULL, NULL, NULL, NULL, NULL, 0, 0),
(448, NULL, NULL, NULL, 3, 'other', 'Dichrysobactin', '', NULL, 'C32H44N6O13', 720.2966355309, NULL, NULL, 7, '218', NULL, 0, 0),
(449, NULL, NULL, NULL, 3, 'other', 'Progenin II', '', NULL, 'C39H62O12', 722.4241274554, NULL, NULL, NULL, NULL, NULL, 0, 0),
(450, NULL, NULL, NULL, 3, 'other', 'Coprogen B', '', NULL, 'C33H54N6O12', 726.3799712298, NULL, NULL, 7, '147', NULL, 0, 0),
(451, NULL, NULL, NULL, 3, 'other', 'Fusarinine C (cyclic fusigen)', '', NULL, 'C33H54N6O12', 726.3799712298, NULL, NULL, 7, '20', NULL, 0, 0),
(452, NULL, NULL, NULL, 3, 'other', 'Des(diserylglycyl)ferrirhodin', '', NULL, 'C33H56N6O12', 728.395621294, NULL, NULL, 7, '99', NULL, 0, 0),
(453, NULL, NULL, NULL, 3, 'other', 'Mycobactin F C9', '', NULL, 'C37H55N5O10', 729.3948930125, NULL, NULL, NULL, NULL, NULL, 0, 0),
(454, NULL, NULL, NULL, 3, 'other', 'Mycobactin S C10', '', NULL, 'C37H55N5O10', 729.3948930125, NULL, NULL, NULL, NULL, NULL, 0, 0),
(455, NULL, NULL, NULL, 3, 'other', 'Carboxymycobactin C5', '', NULL, 'C35H49N5O12', 731.3377720641, NULL, NULL, NULL, NULL, NULL, 0, 0),
(456, NULL, NULL, NULL, 3, 'other', 'Carboxymycobactin 1 C2', '', NULL, 'C35H49N5O12', 731.3377720641, NULL, NULL, NULL, NULL, NULL, 0, 0),
(457, NULL, NULL, NULL, 3, 'other', 'Amonabactin T732', '', NULL, 'C37H44N6O10', 732.3118916646, NULL, NULL, 7, '291', NULL, 0, 0),
(458, NULL, NULL, NULL, 3, 'other', 'Carboxymycobactin 3 C4', '', NULL, 'C35H51N5O12', 733.3534221283, NULL, NULL, NULL, NULL, NULL, 0, 0),
(459, NULL, NULL, NULL, 3, 'other', 'Carboxymycobactin 4 C3', '', NULL, 'C35H51N5O12', 733.3534221283, NULL, NULL, NULL, NULL, NULL, 0, 0),
(460, NULL, NULL, NULL, 3, 'other', 'Tsukubachelin B', '', NULL, 'C29H54N10O12', 734.3922672506, NULL, NULL, NULL, NULL, NULL, 0, 0),
(461, NULL, NULL, NULL, 3, 'other', 'Amycolachrom', '', NULL, 'C28H49N9O14', 735.3398973291, NULL, NULL, 7, '294', NULL, 0, 0),
(462, NULL, NULL, NULL, 3, 'other', 'Ornibactin C8', '', NULL, 'C30H56N8O13', 736.3966839265, NULL, NULL, NULL, NULL, NULL, 0, 0),
(463, NULL, NULL, NULL, 3, 'other', 'Amychelin', '', NULL, 'C30H42N8O14', 738.2820480992, NULL, NULL, 7, '303', NULL, 0, 0),
(464, NULL, NULL, NULL, 3, 'other', 'Nannochelin C', '', NULL, 'C36H44N4O13', 740.2904875205, NULL, NULL, 7, '236', NULL, 0, 0),
(465, NULL, NULL, NULL, 3, 'other', '2-N-methylcoprogen B', '', NULL, 'C34H56N6O12', 740.395621294, NULL, NULL, 7, '7', NULL, 0, 0),
(466, NULL, NULL, NULL, 3, 'other', 'Formobactin', '', NULL, 'C38H57N5O10', 743.4105430767, NULL, NULL, NULL, NULL, NULL, 0, 0),
(467, NULL, NULL, NULL, 3, 'other', 'Mycobactin F C10', '', NULL, 'C38H57N5O10', 743.4105430767, NULL, NULL, NULL, NULL, NULL, 0, 0),
(468, NULL, NULL, NULL, 3, 'other', 'Mycobactin S C11', '', NULL, 'C38H57N5O10', 743.4105430767, NULL, NULL, NULL, NULL, NULL, 0, 0),
(469, NULL, NULL, NULL, 3, 'other', 'Mycobactin NA (Nocobactin) C9', '', NULL, 'C38H57N5O10', 743.4105430767, NULL, NULL, NULL, NULL, NULL, 0, 0),
(470, NULL, NULL, NULL, 3, 'other', 'Tetraglycine ferrichrome', '', NULL, 'C29H48N10O13', 744.3402316801, NULL, NULL, 7, '141', NULL, 0, 0),
(471, NULL, NULL, NULL, 3, 'other', 'Tetraglycyl-ferrichrome', '', NULL, 'C29H48N10O13', 744.3402316801, NULL, NULL, NULL, NULL, NULL, 0, 0),
(472, NULL, NULL, NULL, 3, 'other', 'Fusarinine B', '', NULL, 'C33H56N6O13', 744.3905359161, NULL, NULL, 7, '142', NULL, 0, 0),
(473, NULL, NULL, NULL, 3, 'other', 'Linear fusigen', '', NULL, 'C33H56N6O13', 744.3905359161, NULL, NULL, 7, '197', NULL, 0, 0),
(474, NULL, NULL, NULL, 3, 'other', 'Carboxymycobactin C6', '', NULL, 'C36H51N5O12', 745.3534221283, NULL, NULL, NULL, NULL, NULL, 0, 0),
(475, NULL, NULL, NULL, 3, 'other', 'Carboxymycobactin 1 C3', '', NULL, 'C36H51N5O12', 745.3534221283, NULL, NULL, NULL, NULL, NULL, 0, 0),
(476, NULL, NULL, NULL, 3, 'other', 'Carboxymycobactin 2 C2', '', NULL, 'C36H51N5O12', 745.3534221283, NULL, NULL, NULL, NULL, NULL, 0, 0),
(477, NULL, NULL, NULL, 3, 'other', 'Ferrichrysin', '', NULL, 'C29H49N9O14', 747.3398973291, NULL, NULL, 7, '42', NULL, 0, 0),
(478, NULL, NULL, NULL, 3, 'other', 'Carboxymycobactin 3 C5', '', NULL, 'C36H53N5O12', 747.3690721925, NULL, NULL, NULL, NULL, NULL, 0, 0),
(479, NULL, NULL, NULL, 3, 'other', 'Carboxymycobactin 4 C4', '', NULL, 'C36H53N5O12', 747.3690721925, NULL, NULL, NULL, NULL, NULL, 0, 0),
(480, NULL, NULL, NULL, 3, 'other', 'Amonabactin P750', '', NULL, 'C37H46N6O11', 750.3224563509, NULL, NULL, 7, '84', NULL, 0, 0),
(481, NULL, NULL, NULL, 3, 'other', 'Nannochelin B', '', NULL, 'C37H46N4O13', 754.3061375847, NULL, NULL, 7, '235', NULL, 0, 0),
(482, NULL, NULL, NULL, 3, 'other', 'Dimethylcoprogen', '', NULL, 'C35H58N6O12', 754.4112713582, NULL, NULL, 7, '154', NULL, 0, 0),
(483, NULL, NULL, NULL, 3, 'other', 'Ochrobactin A', '', NULL, 'C36H60N4O13', 756.4156880341, NULL, NULL, NULL, NULL, NULL, 0, 0),
(484, NULL, NULL, NULL, 3, 'other', 'Mycobactin F C11', '', NULL, 'C39H59N5O10', 757.4261931409, NULL, NULL, NULL, NULL, NULL, 0, 0),
(485, NULL, NULL, NULL, 3, 'other', 'Mycobactin S C12', '', NULL, 'C39H59N5O10', 757.4261931409, NULL, NULL, NULL, NULL, NULL, 0, 0),
(486, NULL, NULL, NULL, 3, 'other', 'Mycobactin NA (Nocobactin) C10', '', NULL, 'C39H59N5O10', 757.4261931409, NULL, NULL, NULL, NULL, NULL, 0, 0),
(487, NULL, NULL, NULL, 3, 'other', 'Ochrobactin B', '', NULL, 'C36H62N4O13', 758.4313380983, NULL, NULL, NULL, NULL, NULL, 0, 0),
(488, NULL, NULL, NULL, 3, 'other', 'Carboxymycobactin C7', '', NULL, 'C37H53N5O12', 759.3690721925, NULL, NULL, NULL, NULL, NULL, 0, 0),
(489, NULL, NULL, NULL, 3, 'other', 'Carboxymycobactin 1C4', '', NULL, 'C37H53N5O12', 759.3690721925, NULL, NULL, NULL, NULL, NULL, 0, 0),
(490, NULL, NULL, NULL, 3, 'other', 'Carboxymycobactin 2 C3', '', NULL, 'C37H53N5O12', 759.3690721925, NULL, NULL, NULL, NULL, NULL, 0, 0),
(491, NULL, NULL, NULL, 3, 'other', 'Anacheline-1', '', NULL, 'C35H48N6O13', 760.3279356593, NULL, NULL, 7, '274', NULL, 0, 0),
(492, NULL, NULL, NULL, 3, 'other', 'Anacheline-2', '', NULL, 'C35H48N6O13', 760.3279356593, NULL, NULL, 7, '275', NULL, 0, 0),
(493, NULL, NULL, NULL, 3, 'other', 'Carboxymycobactin 3 C6', '', NULL, 'C37H55N5O12', 761.3847222567, NULL, NULL, NULL, NULL, NULL, 0, 0),
(494, NULL, NULL, NULL, 3, 'other', 'Carboxymycobactin 4 C5', '', NULL, 'C37H55N5O12', 761.3847222567, NULL, NULL, NULL, NULL, NULL, 0, 0),
(495, NULL, NULL, NULL, 3, 'other', 'Nannochelin A', '', NULL, 'C38H48N4O13', 768.3217876489, NULL, NULL, 7, '234', NULL, 0, 0),
(496, NULL, NULL, NULL, 3, 'other', 'Coprogen', '', NULL, 'C35H56N6O13', 768.3905359161, NULL, NULL, 7, '13', NULL, 0, 0),
(497, NULL, NULL, NULL, 3, 'other', 'Carboxymycobactin 2 C4', '', NULL, 'C38H53N5O12', 771.3690721925, NULL, NULL, NULL, NULL, NULL, 0, 0),
(498, NULL, NULL, NULL, 3, 'other', 'Mycobactin F C12', '', NULL, 'C40H61N5O10', 771.4418432051, NULL, NULL, NULL, NULL, NULL, 0, 0),
(499, NULL, NULL, NULL, 3, 'other', 'Mycobactin S C13', '', NULL, 'C40H61N5O10', 771.4418432051, NULL, NULL, NULL, NULL, NULL, 0, 0),
(500, NULL, NULL, NULL, 3, 'other', 'Mycobactin NA (Nocobactin) C11', '', NULL, 'C40H61N5O10', 771.4418432051, NULL, NULL, NULL, NULL, NULL, 0, 0),
(501, NULL, NULL, NULL, 3, 'other', 'Desferrioxamine T3', '', NULL, 'C34H60N8O12', 772.4330694328, NULL, NULL, 7, '123', NULL, 0, 0),
(502, NULL, NULL, NULL, 3, 'other', 'Desferrioxamine T7', '', NULL, 'C34H60N8O12', 772.4330694328, NULL, NULL, 7, '124', NULL, 0, 0),
(503, NULL, NULL, NULL, 3, 'other', 'Carboxymycobactin C8', '', NULL, 'C38H55N5O12', 773.3847222567, NULL, NULL, NULL, NULL, NULL, 0, 0),
(504, NULL, NULL, NULL, 3, 'other', 'Carboxymycobactin 1 C5', '', NULL, 'C38H55N5O12', 773.3847222567, NULL, NULL, NULL, NULL, NULL, 0, 0),
(505, NULL, NULL, NULL, 3, 'other', 'Vicibactin', '', NULL, 'C33H54N6O15', 774.3647150961, NULL, NULL, 7, '101', NULL, 0, 0),
(506, NULL, NULL, NULL, 3, 'other', 'Carboxymycobactin 3 C7', '', NULL, 'C38H57N5O12', 775.4003723209, NULL, NULL, NULL, NULL, NULL, 0, 0),
(507, NULL, NULL, NULL, 3, 'other', 'Divanchrobactin', '', NULL, 'C32H44N10O13', 776.3089315517, NULL, NULL, 7, '119', NULL, 0, 0),
(508, NULL, NULL, NULL, 3, 'other', 'Anacheline-H', '', NULL, 'C35H50N6O14', 778.3385003456, NULL, NULL, 7, '273', NULL, 0, 0),
(509, NULL, NULL, NULL, 3, 'other', '2-N-methylcoprogen', '', NULL, 'C36H58N6O13', 782.4061859803, NULL, NULL, 7, '188', NULL, 0, 0),
(510, NULL, NULL, NULL, 3, 'other', 'Hydroxycoprogen', '', NULL, 'C35H56N6O14', 784.3854505382, NULL, NULL, 7, '159', NULL, 0, 0),
(511, NULL, NULL, NULL, 3, 'other', 'Ochrobactin C', '', NULL, 'C38H64N4O13', 784.4469881625, NULL, NULL, NULL, NULL, NULL, 0, 0),
(512, NULL, NULL, NULL, 3, 'other', 'Mycobactin A', '', NULL, 'C41H63N5O10', 785.4574932693, NULL, NULL, NULL, NULL, NULL, 0, 0),
(513, NULL, NULL, NULL, 3, 'other', 'Mycobactin F C13', '', NULL, 'C41H63N5O10', 785.4574932693, NULL, NULL, NULL, NULL, NULL, 0, 0),
(514, NULL, NULL, NULL, 3, 'other', 'Mycobactin S C14', '', NULL, 'C41H63N5O10', 785.4574932693, NULL, NULL, NULL, NULL, NULL, 0, 0),
(515, NULL, NULL, NULL, 3, 'other', 'Mycobactin Av C11', '', NULL, 'C41H63N5O10', 785.4574932693, NULL, NULL, NULL, NULL, NULL, 0, 0),
(516, NULL, NULL, NULL, 3, 'other', 'Basidiochrome', '', NULL, 'C33H50N6O16', 786.3283295898, NULL, NULL, 7, '97', NULL, 0, 0),
(517, NULL, NULL, NULL, 3, 'other', 'Desferrioxamine T2', '', NULL, 'C35H62N8O12', 786.448719497, NULL, NULL, 7, '122', NULL, 0, 0),
(518, NULL, NULL, NULL, 3, 'other', 'Carboxymycobactin C9', '', NULL, 'C39H57N5O12', 787.4003723209, NULL, NULL, NULL, NULL, NULL, 0, 0),
(519, NULL, NULL, NULL, 3, 'other', 'Carboxymycobactin 1 C6', '', NULL, 'C39H57N5O12', 787.4003723209, NULL, NULL, NULL, NULL, NULL, 0, 0),
(520, NULL, NULL, NULL, 3, 'other', 'Amonabactin T789', '', NULL, 'C39H47N7O11', 789.3333553882, NULL, NULL, 7, '83', NULL, 0, 0),
(521, NULL, NULL, NULL, 3, 'other', 'Carboxymycobactin 3 C8', '', NULL, 'C39H59N5O12', 789.4160223851, NULL, NULL, NULL, NULL, NULL, 0, 0),
(522, NULL, NULL, NULL, 3, 'other', 'Petrobactin sulphonate', '', NULL, 'C34H50N6O14S1', 798.3105710356, NULL, NULL, 7, '68', NULL, 0, 0),
(523, NULL, NULL, NULL, 3, 'other', 'Mycobactin F C14', '', NULL, 'C42H65N5O10', 799.4731433335, NULL, NULL, NULL, NULL, NULL, 0, 0),
(524, NULL, NULL, NULL, 3, 'other', 'Mycobactin S C15', '', NULL, 'C42H65N5O10', 799.4731433335, NULL, NULL, NULL, NULL, NULL, 0, 0),
(525, NULL, NULL, NULL, 3, 'other', 'Mycobactin Av C12', '', NULL, 'C42H65N5O10', 799.4731433335, NULL, NULL, NULL, NULL, NULL, 0, 0),
(526, NULL, NULL, NULL, 3, 'other', 'Desferrioxamine T1', '', NULL, 'C36H64N8O12', 800.4643695612, NULL, NULL, 7, '121', NULL, 0, 0),
(527, NULL, NULL, NULL, 3, 'other', 'Carboxymycobactin 1 C7', '', NULL, 'C40H59N5O12', 801.4160223851, NULL, NULL, NULL, NULL, NULL, 0, 0),
(528, NULL, NULL, NULL, 3, 'other', 'Carboxymycobactin 3 C9', '', NULL, 'C40H61N5O12', 803.4316724493, NULL, NULL, NULL, NULL, NULL, 0, 0),
(529, NULL, NULL, NULL, 3, 'other', 'Amphibactin T', '', NULL, 'C36H65N7O13', 803.4640352102, NULL, NULL, NULL, NULL, NULL, 0, 0),
(530, NULL, NULL, NULL, 3, 'other', 'Dibenarthin', '', NULL, 'C34H48N10O13', 804.3402316801, NULL, NULL, 7, '264', NULL, 0, 0),
(531, NULL, NULL, NULL, 3, 'other', 'Cupriachelin', '', NULL, 'C33H57N7O16', 807.3861788197, NULL, NULL, 7, '276', NULL, 0, 0),
(532, NULL, NULL, NULL, 3, 'other', 'Mycobactin F C15', '', NULL, 'C43H67N5O10', 813.4887933977, NULL, NULL, NULL, NULL, NULL, 0, 0),
(533, NULL, NULL, NULL, 3, 'other', 'Mycobactin S C16', '', NULL, 'C43H67N5O10', 813.4887933977, NULL, NULL, NULL, NULL, NULL, 0, 0),
(534, NULL, NULL, NULL, 3, 'other', 'Mycobactin Av C13', '', NULL, 'C43H67N5O10', 813.4887933977, NULL, NULL, NULL, NULL, NULL, 0, 0),
(535, NULL, NULL, NULL, 3, 'other', 'Asperchrome D1', '', NULL, 'C33H55N9O15', 817.3817621438, NULL, NULL, 7, '59', NULL, 0, 0),
(536, NULL, NULL, NULL, 3, 'other', 'Asperchrome D2', '', NULL, 'C33H55N9O15', 817.3817621438, NULL, NULL, 7, '61', NULL, 0, 0),
(537, NULL, NULL, NULL, 3, 'other', 'Asperchrome D3', '', NULL, 'C33H55N9O15', 817.3817621438, NULL, NULL, 7, '62', NULL, 0, 0),
(538, NULL, NULL, NULL, 3, 'other', 'Mycobactin F C16', '', NULL, 'C44H69N5O10', 827.5044434619, NULL, NULL, NULL, NULL, NULL, 0, 0),
(539, NULL, NULL, NULL, 3, 'other', 'Mycobactin M C15', '', NULL, 'C44H69N5O10', 827.5044434619, NULL, NULL, NULL, NULL, NULL, 0, 0),
(540, NULL, NULL, NULL, 3, 'other', 'Mycobactin S C17', '', NULL, 'C44H69N5O10', 827.5044434619, NULL, NULL, NULL, NULL, NULL, 0, 0),
(541, NULL, NULL, NULL, 3, 'other', 'Mycobactin T C17', '', NULL, 'C44H69N5O10', 827.5044434619, NULL, NULL, NULL, NULL, NULL, 0, 0),
(542, NULL, NULL, NULL, 3, 'other', 'Mycobactin Av C14', '', NULL, 'C44H69N5O10', 827.5044434619, NULL, NULL, NULL, NULL, NULL, 0, 0),
(543, NULL, NULL, NULL, 3, 'other', 'Amphibactin S', '', NULL, 'C38H67N7O13', 829.4796852744, NULL, NULL, NULL, NULL, NULL, 0, 0),
(544, NULL, NULL, NULL, 3, 'other', 'Rhodobactin', '', NULL, 'C36H50N10O13', 830.3558817443, NULL, NULL, NULL, NULL, NULL, 0, 0),
(545, NULL, NULL, NULL, 3, 'other', 'Amphibactin D', '', NULL, 'C38H69N7O13', 831.4953353386, NULL, NULL, 7, '165', NULL, 0, 0),
(546, NULL, NULL, NULL, 3, 'other', 'Malonichrome', '', NULL, 'C31H47N9O18', 833.3039057533, NULL, NULL, 7, '133', NULL, 0, 0),
(547, NULL, NULL, NULL, 3, 'other', 'Mycobactin P C15', '', NULL, 'C45H71N5O10', 841.5200935261, NULL, NULL, 7, '77', NULL, 0, 0),
(548, NULL, NULL, NULL, 3, 'other', 'Mycobactin F C17', '', NULL, 'C45H71N5O10', 841.5200935261, NULL, NULL, NULL, NULL, NULL, 0, 0),
(549, NULL, NULL, NULL, 3, 'other', 'Mycobactin M C16', '', NULL, 'C45H71N5O10', 841.5200935261, NULL, NULL, NULL, NULL, NULL, 0, 0),
(550, NULL, NULL, NULL, 3, 'other', 'Mycobactin N C15', '', NULL, 'C45H71N5O10', 841.5200935261, NULL, NULL, NULL, NULL, NULL, 0, 0),
(551, NULL, NULL, NULL, 3, 'other', 'Mycobactin S C18', '', NULL, 'C45H71N5O10', 841.5200935261, NULL, NULL, NULL, NULL, NULL, 0, 0),
(552, NULL, NULL, NULL, 3, 'other', 'Mycobactin T C18', '', NULL, 'C45H71N5O10', 841.5200935261, NULL, NULL, NULL, NULL, NULL, 0, 0),
(553, NULL, NULL, NULL, 3, 'other', 'Mycobactin Av C15', '', NULL, 'C45H71N5O10', 841.5200935261, NULL, NULL, NULL, NULL, NULL, 0, 0),
(554, NULL, NULL, NULL, 3, 'other', 'Mycobactin J', '', NULL, 'C45H71N5O10', 841.5200935261, NULL, NULL, NULL, NULL, NULL, 0, 0),
(555, NULL, NULL, NULL, 3, 'other', 'Amphibactin B', '', NULL, 'C38H69N7O14', 847.4902499607, NULL, NULL, 7, '163', NULL, 0, 0),
(556, NULL, NULL, NULL, 3, 'other', 'Neurosporin', '', NULL, 'C39H60N6O15', 852.4116652887, NULL, NULL, 7, '143', NULL, 0, 0),
(557, NULL, NULL, NULL, 3, 'other', 'N\',N\',N\'- triacetylfusarinin C', '', NULL, 'C39H60N6O15', 852.4116652887, NULL, NULL, 7, '39', NULL, 0, 0),
(558, NULL, NULL, NULL, 3, 'other', 'Mycobactin P C16', '', NULL, 'C46H73N5O10', 855.5357435903, NULL, NULL, NULL, NULL, NULL, 0, 0),
(559, NULL, NULL, NULL, 3, 'other', 'Mycobactin H C17', '', NULL, 'C46H73N5O10', 855.5357435903, NULL, NULL, NULL, NULL, NULL, 0, 0),
(560, NULL, NULL, NULL, 3, 'other', 'Mycobactin M C17', '', NULL, 'C46H73N5O10', 855.5357435903, NULL, NULL, NULL, NULL, NULL, 0, 0),
(561, NULL, NULL, NULL, 3, 'other', 'Mycobactin N C16', '', NULL, 'C46H73N5O10', 855.5357435903, NULL, NULL, NULL, NULL, NULL, 0, 0),
(562, NULL, NULL, NULL, 3, 'other', 'Mycobactin S C19', '', NULL, 'C46H73N5O10', 855.5357435903, NULL, NULL, NULL, NULL, NULL, 0, 0),
(563, NULL, NULL, NULL, 3, 'other', 'Mycobactin T C19', '', NULL, 'C46H73N5O10', 855.5357435903, NULL, NULL, NULL, NULL, NULL, 0, 0),
(564, NULL, NULL, NULL, 3, 'other', 'Mycobactin Av C16', '', NULL, 'C46H73N5O10', 855.5357435903, NULL, NULL, NULL, NULL, NULL, 0, 0),
(565, NULL, NULL, NULL, 3, 'other', 'Amphibactin E', '', NULL, 'C40H71N7O13', 857.5109854028, NULL, NULL, 7, '166', NULL, 0, 0),
(566, NULL, NULL, NULL, 3, 'other', 'Amphibactin H', '', NULL, 'C40H73N7O13', 859.526635467, NULL, NULL, 7, '169', NULL, 0, 0),
(567, NULL, NULL, NULL, 3, 'other', 'Dioscin', '', NULL, 'C45H72O16', 868.4820362648, NULL, NULL, NULL, NULL, NULL, 0, 0),
(568, NULL, NULL, NULL, 3, 'other', 'Mycobactin P C17', '', NULL, 'C47H75N5O10', 869.5513936545, NULL, NULL, NULL, NULL, NULL, 0, 0),
(569, NULL, NULL, NULL, 3, 'other', 'Mycobactin H C18', '', NULL, 'C47H75N5O10', 869.5513936545, NULL, NULL, NULL, NULL, NULL, 0, 0),
(570, NULL, NULL, NULL, 3, 'other', 'Mycobactin M C18', '', NULL, 'C47H75N5O10', 869.5513936545, NULL, NULL, NULL, NULL, NULL, 0, 0),
(571, NULL, NULL, NULL, 3, 'other', 'Mycobactin N C17', '', NULL, 'C47H75N5O10', 869.5513936545, NULL, NULL, NULL, NULL, NULL, 0, 0),
(572, NULL, NULL, NULL, 3, 'other', 'Mycobactin T C20', '', NULL, 'C47H75N5O10', 869.5513936545, NULL, NULL, NULL, NULL, NULL, 0, 0),
(573, NULL, NULL, NULL, 3, 'other', 'Mycobactin Av C17', '', NULL, 'C47H75N5O10', 869.5513936545, NULL, NULL, NULL, NULL, NULL, 0, 0),
(574, NULL, NULL, NULL, 3, 'other', 'Amphibactin C', '', NULL, 'C40H71N7O14', 873.5059000249, NULL, NULL, 7, '164', NULL, 0, 0),
(575, NULL, NULL, NULL, 3, 'other', 'Amphibactin F', '', NULL, 'C40H73N7O14', 875.5215500891, NULL, NULL, 7, '167', NULL, 0, 0),
(576, NULL, NULL, NULL, 3, 'other', 'Petrobactin disulphonate', '', NULL, 'C34H50N6O17S2', 878.2673855919, NULL, NULL, 7, '308', NULL, 0, 0),
(577, NULL, NULL, NULL, 3, 'other', 'Bacillibactin', '', NULL, 'C39H42N6O18', 882.2555585772, NULL, NULL, 7, '66', NULL, 0, 0),
(578, NULL, NULL, NULL, 3, 'other', 'Mycobactin P C18', '', NULL, 'C48H77N5O10', 883.5670437187, NULL, NULL, NULL, NULL, NULL, 0, 0),
(579, NULL, NULL, NULL, 3, 'other', 'Mycobactin H C19', '', NULL, 'C48H77N5O10', 883.5670437187, NULL, NULL, NULL, NULL, NULL, 0, 0),
(580, NULL, NULL, NULL, 3, 'other', 'Mycobactin N C18', '', NULL, 'C48H77N5O10', 883.5670437187, NULL, NULL, NULL, NULL, NULL, 0, 0),
(581, NULL, NULL, NULL, 3, 'other', 'Mycobactin R', '', NULL, 'C48H77N5O10', 883.5670437187, NULL, NULL, NULL, NULL, NULL, 0, 0),
(582, NULL, NULL, NULL, 3, 'other', 'Mycobactin Av C18', '', NULL, 'C48H77N5O10', 883.5670437187, NULL, NULL, NULL, NULL, NULL, 0, 0),
(583, NULL, NULL, NULL, 3, 'other', 'Amphibactin I', '', NULL, 'C42H75N7O13', 885.5422855312, NULL, NULL, 7, '170', NULL, 0, 0),
(584, NULL, NULL, NULL, 3, 'other', 'Asperchrome B1', '', NULL, 'C37H61N9O16', 887.4236269585, NULL, NULL, 7, '55', NULL, 0, 0),
(585, NULL, NULL, NULL, 3, 'other', 'Asperchrome B2', '', NULL, 'C37H61N9O16', 887.4236269585, NULL, NULL, 7, '134', NULL, 0, 0),
(586, NULL, NULL, NULL, 3, 'other', 'Asperchrome B3', '', NULL, 'C37H61N9O16', 887.4236269585, NULL, NULL, 7, '135', NULL, 0, 0),
(587, NULL, NULL, NULL, 3, 'other', 'Mycobactin P C19', '', NULL, 'C49H79N5O10', 897.5826937829, NULL, NULL, NULL, NULL, NULL, 0, 0),
(588, NULL, NULL, NULL, 3, 'other', 'Amphibactin G', '', NULL, 'C42H75N7O14', 901.5372001533, NULL, NULL, 7, '168', NULL, 0, 0),
(589, NULL, NULL, NULL, 3, 'other', 'paenibactin', '', NULL, 'C42H48N6O18', 924.3025087698, NULL, NULL, 7, '304', NULL, 0, 0),
(590, NULL, NULL, NULL, 3, 'other', 'Ferrimycin', '', NULL, 'C41H70N10O14', 926.5072970084, NULL, NULL, 7, '277', NULL, 0, 0),
(591, NULL, NULL, NULL, 3, 'other', 'Alterobactin A', '', NULL, 'C36H53N11O18', 927.3570039563, NULL, NULL, 7, '309', NULL, 0, 0),
(592, NULL, NULL, NULL, 3, 'other', 'Marinobactin A', '', NULL, 'C40H69N9O16', 931.4862272153, NULL, NULL, NULL, NULL, NULL, 0, 0),
(593, NULL, NULL, NULL, 3, 'other', 'Asperchrome A', '', NULL, 'C41H67N9O16', 941.4705771511, NULL, NULL, 7, '58', NULL, 0, 0),
(594, NULL, NULL, NULL, 3, 'other', 'Alterobactin B', '', NULL, 'C36H55N11O19', 945.3675686426, NULL, NULL, 7, '310', NULL, 0, 0),
(595, NULL, NULL, NULL, 3, 'other', 'Albomycin', '', NULL, 'C36H59N11O17S1', 949.3811102168, NULL, NULL, 7, '239', NULL, 0, 0),
(596, NULL, NULL, NULL, 3, 'other', 'Albomycin 1', '', NULL, 'C36H58N10O18S1', 950.3651258016, NULL, NULL, 7, '237', NULL, 0, 0),
(597, NULL, NULL, NULL, 3, 'other', 'Asperchrome E', '', NULL, 'C41H67N9O17', 957.4654917732, NULL, NULL, 7, '137', NULL, 0, 0),
(598, NULL, NULL, NULL, 3, 'other', 'Ferrirhodin', '', NULL, 'C41H67N9O17', 957.4654917732, NULL, NULL, 7, '98', NULL, 0, 0),
(599, NULL, NULL, NULL, 3, 'other', 'Ferrirubin', '', NULL, 'C41H67N9O17', 957.4654917732, NULL, NULL, 7, '56', NULL, 0, 0),
(600, NULL, NULL, NULL, 3, 'other', 'Marinobactin B', '', NULL, 'C42H71N9O16', 957.5018772795, NULL, NULL, NULL, NULL, NULL, 0, 0),
(601, NULL, NULL, NULL, 3, 'other', 'Marinobactin C', '', NULL, 'C42H73N9O16', 959.5175273437, NULL, NULL, NULL, NULL, NULL, 0, 0),
(602, NULL, NULL, NULL, 3, 'other', 'Taiwachelin', '', NULL, 'C41H70N8O18', 962.4808074864, NULL, NULL, 7, '311', NULL, 0, 0),
(603, NULL, NULL, NULL, 3, 'other', 'palmitoylcoprogen', '', NULL, 'C49H84N6O13', 964.6096368149, NULL, NULL, 7, '162', NULL, 0, 0),
(604, NULL, NULL, NULL, 3, 'other', 'Salmycin C', '', NULL, 'C40H70N6O21', 970.4594033423, NULL, NULL, NULL, NULL, NULL, 0, 0),
(605, NULL, NULL, NULL, 3, 'other', 'Asperchrome F1', '', NULL, 'C41H69N9O18', 975.4760564595, NULL, NULL, 7, '138', NULL, 0, 0),
(606, NULL, NULL, NULL, 3, 'other', 'Asperchrome F2', '', NULL, 'C41H69N9O18', 975.4760564595, NULL, NULL, 7, '139', NULL, 0, 0),
(607, NULL, NULL, NULL, 3, 'other', 'Asperchrome F3', '', NULL, 'C41H69N9O18', 975.4760564595, NULL, NULL, 7, '140', NULL, 0, 0),
(608, NULL, NULL, NULL, 3, 'other', 'Salmycin B', '', NULL, 'C41H72N6O21', 984.4750534065, NULL, NULL, NULL, NULL, NULL, 0, 0),
(609, NULL, NULL, NULL, 3, 'other', 'Marinobactin D1', '', NULL, 'C44H75N9O16', 985.5331774079, NULL, NULL, NULL, NULL, NULL, 0, 0),
(610, NULL, NULL, NULL, 3, 'other', 'Marinobactin D2', '', NULL, 'C44H75N9O16', 985.5331774079, NULL, NULL, NULL, NULL, NULL, 0, 0),
(611, NULL, NULL, NULL, 3, 'other', 'Marinobactin E', '', NULL, 'C44H77N9O16', 987.5488274721, NULL, NULL, NULL, NULL, NULL, 0, 0),
(612, NULL, NULL, NULL, 3, 'other', 'Pyoverdin 6,1 (Pseudobactin)', '', NULL, 'C42H60N12O16', 988.425023942, NULL, NULL, NULL, NULL, NULL, 0, 0),
(613, NULL, NULL, NULL, 3, 'other', 'Pyoverdin B10', '', NULL, 'C42H60N12O16', 988.425023942, NULL, NULL, NULL, NULL, NULL, 0, 0);
INSERT INTO `msb_sequence` (`id`, `n_modification_id`, `c_modification_id`, `b_modification_id`, `container_id`, `sequence_type`, `sequence_name`, `sequence`, `sequence_original`, `sequence_formula`, `sequence_mass`, `sequence_smiles`, `usmiles`, `source`, `identifier`, `decays`, `unique_block_count`, `block_count`) VALUES
(614, NULL, NULL, NULL, 3, 'other', 'Pseudobactin A', '', NULL, 'C42H62N12O16', 990.4406740062, NULL, NULL, NULL, NULL, NULL, 0, 0),
(615, NULL, NULL, NULL, 3, 'other', 'Albomycin 2', '', NULL, 'C37H60N12O18S1', 992.3869238762, NULL, NULL, 7, '238', NULL, 0, 0),
(616, NULL, NULL, NULL, 3, 'other', 'Salmochelin S4', '', NULL, 'C42H47N3O25', 993.2498640768, NULL, NULL, 7, '117', NULL, 0, 0),
(617, NULL, NULL, NULL, 3, 'other', 'Corrugatin', '', NULL, 'C40H63N13O17', 997.4464876656, NULL, NULL, 7, '95', NULL, 0, 0),
(618, NULL, NULL, NULL, 3, 'other', 'Ferrichrome A', '', NULL, 'C41H61N9O20', 999.4032854469, NULL, NULL, 7, '78', NULL, 0, 0),
(619, NULL, NULL, NULL, 3, 'other', 'Asperchrome C', '', NULL, 'C43H69N9O18', 999.4760564595, NULL, NULL, 7, '136', NULL, 0, 0),
(620, NULL, NULL, NULL, 3, 'other', 'Salmycin A', '', NULL, 'C41H73N7O21', 999.4859524438, NULL, NULL, 7, '240', NULL, 0, 0),
(621, NULL, NULL, NULL, 3, 'other', 'Salmochelin S2', '', NULL, 'C42H49N3O26', 1011.2604287631, NULL, NULL, 7, '200', NULL, 0, 0),
(622, NULL, NULL, NULL, 3, 'other', 'Salmochelin S3', '', NULL, 'C42H49N3O26', 1011.2604287631, NULL, NULL, NULL, NULL, NULL, 0, 0),
(623, NULL, NULL, NULL, 3, 'other', 'Ornicorrugatin', '', NULL, 'C41H65N13O17', 1011.4621377298, NULL, NULL, 7, '96', NULL, 0, 0),
(624, NULL, NULL, NULL, 3, 'other', 'Pyoverdin Thai', '', NULL, 'C43H60N12O17', 1016.4199385641, NULL, NULL, NULL, NULL, NULL, 0, 0),
(625, NULL, NULL, NULL, 3, 'other', 'Epichloenin B', '', NULL, 'C44H71N11O17', 1025.502939912, NULL, NULL, NULL, NULL, NULL, 0, 0),
(626, NULL, NULL, NULL, 3, 'other', 'Fuscachelin A', '', NULL, 'C42H59N15O16', 1029.4264209255, NULL, NULL, 7, '189', NULL, 0, 0),
(627, NULL, NULL, NULL, 3, 'other', 'Pseudoprotodioscin', '', NULL, 'C51H82O21', 1030.5348596963, NULL, NULL, NULL, NULL, NULL, 0, 0),
(628, NULL, NULL, NULL, 3, 'other', 'Protodioscin', '', NULL, 'C51H82O21', 1030.5348596963, NULL, NULL, NULL, NULL, NULL, 0, 0),
(629, NULL, NULL, NULL, 3, 'other', 'Epichloeamide', '', NULL, 'C46H74N12O15', 1034.5396597693, NULL, NULL, NULL, NULL, NULL, 0, 0),
(630, NULL, NULL, NULL, 3, 'other', 'Aquachelin J', '', NULL, 'C42H72N10O20', 1036.4924348052, NULL, NULL, NULL, NULL, NULL, 0, 0),
(631, NULL, NULL, NULL, 3, 'other', 'Pyoverdin 9AW (amide)', '', NULL, 'C44H62N14O16', 1042.4468220166, NULL, NULL, NULL, NULL, NULL, 0, 0),
(632, NULL, NULL, NULL, 3, 'other', 'Pyoverdin 9AW', '', NULL, 'C44H61N13O17', 1043.4308376014, NULL, NULL, NULL, NULL, NULL, 0, 0),
(633, NULL, NULL, NULL, 3, 'other', 'Pyoverdin R\'', '', NULL, 'C43H60N14O17', 1044.4260865745, NULL, NULL, NULL, NULL, NULL, 0, 0),
(634, NULL, NULL, NULL, 3, 'other', 'Pyoverdin PL7', '', NULL, 'C44H62N12O18', 1046.4305032504, NULL, NULL, NULL, NULL, NULL, 0, 0),
(635, NULL, NULL, NULL, 3, 'other', 'Fuscachelin C', '', NULL, 'C42H62N16O16', 1046.452970027, NULL, NULL, 7, '229', NULL, 0, 0),
(636, NULL, NULL, NULL, 3, 'other', 'Fuscachelin B', '', NULL, 'C42H61N15O17', 1047.4369856118, NULL, NULL, 7, '228', NULL, 0, 0),
(637, NULL, NULL, NULL, 3, 'other', 'Pyoverdin BTP2 (amide)', '', NULL, 'C43H60N12O19', 1048.4097678083, NULL, NULL, NULL, NULL, NULL, 0, 0),
(638, NULL, NULL, NULL, 3, 'other', 'Pyoverdin BTP2', '', NULL, 'C43H59N11O20', 1049.3937833931, NULL, NULL, NULL, NULL, NULL, 0, 0),
(639, NULL, NULL, NULL, 3, 'other', 'Cyclic trichrisobactin', '', NULL, 'C48H63N9O18', 1053.4291062669, NULL, NULL, 7, '216', NULL, 0, 0),
(640, NULL, NULL, NULL, 3, 'other', 'Hexadehydro-Astechrome', '', NULL, 'C60H63N9O9', 1053.474874668, NULL, NULL, NULL, NULL, NULL, 0, 0),
(641, NULL, NULL, NULL, 3, 'other', 'Loihichelin A', '', NULL, 'C44H73N11O19', 1059.5084192204, NULL, NULL, NULL, NULL, NULL, 0, 0),
(642, NULL, NULL, NULL, 3, 'other', 'Astechrome', '', NULL, 'C60H69N9O9', 1059.5218248606, NULL, NULL, NULL, NULL, NULL, 0, 0),
(643, NULL, NULL, NULL, 3, 'other', 'Pyoverdin 1W', '', NULL, 'C45H68N14O16', 1060.4937722092, NULL, NULL, NULL, NULL, NULL, 0, 0),
(644, NULL, NULL, NULL, 3, 'other', 'Aquachelin A', '', NULL, 'C44H74N10O20', 1062.5080848694, NULL, NULL, 7, '198', NULL, 0, 0),
(645, NULL, NULL, NULL, 3, 'other', 'Aquachelin B', '', NULL, 'C44H76N10O20', 1064.5237349336, NULL, NULL, NULL, NULL, NULL, 0, 0),
(646, NULL, NULL, NULL, 3, 'other', 'Linear trichrisobactin', '', NULL, 'C48H65N9O19', 1071.4396709532, NULL, NULL, 7, '217', NULL, 0, 0),
(647, NULL, NULL, NULL, 3, 'other', 'Pyoverdin G4R', '', NULL, 'C44H60N14O18', 1072.4210011966, NULL, NULL, NULL, NULL, NULL, 0, 0),
(648, NULL, NULL, NULL, 3, 'other', 'Pyoverdin G4R A', '', NULL, 'C44H59N13O19', 1073.4050167814, NULL, NULL, NULL, NULL, NULL, 0, 0),
(649, NULL, NULL, NULL, 3, 'other', 'Isopyoverdin', '', NULL, 'C44H60N12O20', 1076.4046824304, NULL, NULL, NULL, NULL, NULL, 0, 0),
(650, NULL, NULL, NULL, 3, 'other', 'Pseudoalterobactin A', '', NULL, 'C41H63N11O21S1', 1077.3920688336, NULL, NULL, 7, '301', NULL, 0, 0),
(651, NULL, NULL, NULL, 3, 'other', 'Aquachelin I', '', NULL, 'C44H76N10O21', 1080.5186495557, NULL, NULL, NULL, NULL, NULL, 0, 0),
(652, NULL, NULL, NULL, 3, 'other', 'Epichloenin A', '', NULL, 'C46H74N12O18', 1082.5244036356, NULL, NULL, NULL, NULL, NULL, 0, 0),
(653, NULL, NULL, NULL, 3, 'other', 'Loihichelin C', '', NULL, 'C46H75N11O19', 1085.5240692846, NULL, NULL, NULL, NULL, NULL, 0, 0),
(654, NULL, NULL, NULL, 3, 'other', 'Loihichelin D', '', NULL, 'C46H77N11O19', 1087.5397193488, NULL, NULL, NULL, NULL, NULL, 0, 0),
(655, NULL, NULL, NULL, 3, 'other', 'Azoverdin', '', NULL, 'C46H67N13O18', 1089.4727024161, NULL, NULL, NULL, NULL, NULL, 0, 0),
(656, NULL, NULL, NULL, 3, 'other', 'Pyoverdin Ps 6,10 (amide)', '', NULL, 'C46H70N14O17', 1090.5043368955, NULL, NULL, NULL, NULL, NULL, 0, 0),
(657, NULL, NULL, NULL, 3, 'other', 'Aquachelin C', '', NULL, 'C46H78N10O20', 1090.5393849978, NULL, NULL, NULL, NULL, NULL, 0, 0),
(658, NULL, NULL, NULL, 3, 'other', 'Pyoverdin 27853', '', NULL, 'C45H65N13O19', 1091.451966974, NULL, NULL, NULL, NULL, NULL, 0, 0),
(659, NULL, NULL, NULL, 3, 'other', 'Pyoverdin Ps 6,10', '', NULL, 'C46H69N13O18', 1091.4883524803, NULL, NULL, NULL, NULL, NULL, 0, 0),
(660, NULL, NULL, NULL, 3, 'other', 'Pyoverdin ATCC 39167', '', NULL, 'C43H56N12O22', 1092.3632115462, NULL, NULL, NULL, NULL, NULL, 0, 0),
(661, NULL, NULL, NULL, 3, 'other', 'Pyoverdin P cic, (amide)', '', NULL, 'C44H60N12O21', 1092.3995970525, NULL, NULL, NULL, NULL, NULL, 0, 0),
(662, NULL, NULL, NULL, 3, 'other', 'Aquachelin D', '', NULL, 'C46H80N10O20', 1092.555035062, NULL, NULL, NULL, NULL, NULL, 0, 0),
(663, NULL, NULL, NULL, 3, 'other', 'Pyoverdin P cic,', '', NULL, 'C44H59N11O22', 1093.3836126373, NULL, NULL, NULL, NULL, NULL, 0, 0),
(664, NULL, NULL, NULL, 3, 'other', 'Azotabactin P19', '', NULL, 'C43H59N12O22', 1095.3866866425, NULL, NULL, NULL, NULL, NULL, 0, 0),
(665, NULL, NULL, NULL, 3, 'other', 'Pyoverdin PL8', '', NULL, 'C47H69N13O18', 1103.4883524803, NULL, NULL, NULL, NULL, NULL, 0, 0),
(666, NULL, NULL, NULL, 3, 'other', 'Loihichelin B', '', NULL, 'C46H77N11O20', 1103.5346339709, NULL, NULL, NULL, NULL, NULL, 0, 0),
(667, NULL, NULL, NULL, 3, 'other', 'Pseudoalterobactin B', '', NULL, 'C41H63N13O21S1', 1105.398216844, NULL, NULL, 7, '302', NULL, 0, 0),
(668, NULL, NULL, NULL, 3, 'other', 'Pyoverdin 11370 (amide)', '', NULL, 'C45H63N13O20', 1105.4312315319, NULL, NULL, NULL, NULL, NULL, 0, 0),
(669, NULL, NULL, NULL, 3, 'other', '5-chloropyoverdin G4R', '', NULL, 'C44H59ClN14O18', 1106.3820291645, NULL, NULL, NULL, NULL, NULL, 0, 0),
(670, NULL, NULL, NULL, 3, 'other', 'Pyoverdin 11370', '', NULL, 'C45H62N12O21', 1106.4152471167, NULL, NULL, NULL, NULL, NULL, 0, 0),
(671, NULL, NULL, NULL, 3, 'other', '5-chloropyoverdin G4R A', '', NULL, 'C44H58ClN13O19', 1107.3660447493, NULL, NULL, NULL, NULL, NULL, 0, 0),
(672, NULL, NULL, NULL, 3, 'other', 'Pyoverdin PL9', '', NULL, 'C43H56N12O23', 1108.3581261683, NULL, NULL, NULL, NULL, NULL, 0, 0),
(673, NULL, NULL, NULL, 3, 'other', 'Pyoverdin 2908', '', NULL, 'C44H60N12O22', 1108.3945116746, NULL, NULL, NULL, NULL, NULL, 0, 0),
(674, NULL, NULL, NULL, 3, 'other', 'Loihichelin E', '', NULL, 'C48H79N11O19', 1113.555369413, NULL, NULL, NULL, NULL, NULL, 0, 0),
(675, NULL, NULL, NULL, 3, 'other', 'Pyoverdine Pfl W (cyclo)', '', NULL, 'C45H60N15O19', 1114.4189898239, NULL, NULL, NULL, NULL, NULL, 0, 0),
(676, NULL, NULL, NULL, 3, 'other', 'Loihichelin F', '', NULL, 'C48H81N11O19', 1115.5710194772, NULL, NULL, NULL, NULL, NULL, 0, 0),
(677, NULL, NULL, NULL, 3, 'other', 'Azoverdin G', '', NULL, 'C47H69N13O19', 1119.4832671024, NULL, NULL, NULL, NULL, NULL, 0, 0),
(678, NULL, NULL, NULL, 3, 'other', 'Pyoverdin G76', '', NULL, 'C46H64N12O21', 1120.4308971809, NULL, NULL, NULL, NULL, NULL, 0, 0),
(679, NULL, NULL, NULL, 3, 'other', 'Pyoverdin Syr 19310 (amide)', '', NULL, 'C45H64N12O23', 1140.4207264251, NULL, NULL, NULL, NULL, NULL, 0, 0),
(680, NULL, NULL, NULL, 3, 'other', 'Pyoverdin Syr 19310', '', NULL, 'C45H63N11O24', 1141.4047420099, NULL, NULL, NULL, NULL, NULL, 0, 0),
(681, NULL, NULL, NULL, 3, 'other', 'Pseudobactin P39167-II', '', NULL, 'C46H63N13O22', 1149.4210607761, NULL, NULL, NULL, NULL, NULL, 0, 0),
(682, NULL, NULL, NULL, 3, 'other', 'Methanobactin', '', NULL, 'C45H58N10O16S5', 1154.2635793174, NULL, NULL, NULL, NULL, NULL, 0, 0),
(683, NULL, NULL, NULL, 3, 'other', 'Trivanchrobactin', '', NULL, 'C48H65N15O19', 1155.4581149844, NULL, NULL, 7, '120', NULL, 0, 0),
(684, NULL, NULL, NULL, 3, 'other', 'Pyoverdin Pfl 13525', '', NULL, 'C49H72N14O19', 1160.5098162039, NULL, NULL, NULL, NULL, NULL, 0, 0),
(685, NULL, NULL, NULL, 3, 'other', 'Pseudobactin PA225-II', '', NULL, 'C46H63N13O23', 1165.4159753982, NULL, NULL, NULL, NULL, NULL, 0, 0),
(686, NULL, NULL, NULL, 3, 'other', 'Pseudobactin P39167-I', '', NULL, 'C46H65N13O23', 1167.4316254624, NULL, NULL, NULL, NULL, NULL, 0, 0),
(687, NULL, NULL, NULL, 3, 'other', 'Pyoverdin Pa6 R (amide)', '', NULL, 'C48H68N16O19', 1172.4846640859, NULL, NULL, NULL, NULL, NULL, 0, 0),
(688, NULL, NULL, NULL, 3, 'other', 'Pyoverdin Pa6 R', '', NULL, 'C48H67N15O20', 1173.4686796707, NULL, NULL, NULL, NULL, NULL, 0, 0),
(689, NULL, NULL, NULL, 3, 'other', 'Pyoverdin G173', '', NULL, 'C49H70N14O20', 1174.4890807618, NULL, NULL, NULL, NULL, NULL, 0, 0),
(690, NULL, NULL, NULL, 3, 'other', 'Streptobactin', '', NULL, 'C51H69N15O18', 1179.4945004907, NULL, NULL, 7, '266', NULL, 0, 0),
(691, NULL, NULL, NULL, 3, 'other', 'Pseudobactin PA225-I', '', NULL, 'C46H65N13O24', 1183.4265400845, NULL, NULL, NULL, NULL, NULL, 0, 0),
(692, NULL, NULL, NULL, 3, 'other', 'Ferrocin A', '', NULL, 'C51H85N13O19', 1183.608467616, NULL, NULL, 7, '171', NULL, 0, 0),
(693, NULL, NULL, NULL, 3, 'other', 'Pyoverdin Pfl W (amide)', '', NULL, 'C48H66N16O20', 1186.4639286438, NULL, NULL, NULL, NULL, NULL, 0, 0),
(694, NULL, NULL, NULL, 3, 'other', 'Pyoverdin Pfl W', '', NULL, 'C48H65N15O21', 1187.4479442286, NULL, NULL, NULL, NULL, NULL, 0, 0),
(695, NULL, NULL, NULL, 3, 'other', 'Pyoverdin 96-312 (amide)', '', NULL, 'C50H75N15O19', 1189.5363653054, NULL, NULL, NULL, NULL, NULL, 0, 0),
(696, NULL, NULL, NULL, 3, 'other', 'Pyoverdin 96-312', '', NULL, 'C50H74N14O20', 1190.5203808902, NULL, NULL, NULL, NULL, NULL, 0, 0),
(697, NULL, NULL, NULL, 3, 'other', 'Pyoverdin 90-33', '', NULL, 'C49H71N13O22', 1193.4836610329, NULL, NULL, NULL, NULL, NULL, 0, 0),
(698, NULL, NULL, NULL, 3, 'other', 'Tribenarthin', '', NULL, 'C51H71N15O19', 1197.505065177, NULL, NULL, 7, '265', NULL, 0, 0),
(699, NULL, NULL, NULL, 3, 'other', 'Ferrocin C', '', NULL, 'C52H87N13O19', 1197.6241176802, NULL, NULL, NULL, NULL, NULL, 0, 0),
(700, NULL, NULL, NULL, 3, 'other', 'Ferrocin D', '', NULL, 'C52H87N13O19', 1197.6241176802, NULL, NULL, NULL, NULL, NULL, 0, 0),
(701, NULL, NULL, NULL, 3, 'other', 'Ferrocin B', '', NULL, 'C51H85N13O20', 1199.6033822381, NULL, NULL, 7, '172', NULL, 0, 0),
(702, NULL, NULL, NULL, 3, 'other', 'Pyoverdin D47', '', NULL, 'C51H75N15O20', 1217.5312799275, NULL, NULL, NULL, NULL, NULL, 0, 0),
(703, NULL, NULL, NULL, 3, 'other', 'Pyoverdin D47 (amide)', '', NULL, 'C51H75N15O20', 1217.5312799275, NULL, NULL, NULL, NULL, NULL, 0, 0),
(704, NULL, NULL, NULL, 3, 'other', 'Pyoverdin 90-51', '', NULL, 'C51H74N14O21', 1218.5152955123, NULL, NULL, NULL, NULL, NULL, 0, 0),
(705, NULL, NULL, NULL, 3, 'other', 'Pyoverdin D-TR133 (amide)', '', NULL, 'C52H75N15O20', 1229.5312799275, NULL, NULL, NULL, NULL, NULL, 0, 0),
(706, NULL, NULL, NULL, 3, 'other', 'Pyoverdin D-TR133', '', NULL, 'C52H74N14O21', 1230.5152955123, NULL, NULL, NULL, NULL, NULL, 0, 0),
(707, NULL, NULL, NULL, 3, 'other', 'Pyoverdin 96-188', '', NULL, 'C52H76N14O21', 1232.5309455765, NULL, NULL, NULL, NULL, NULL, 0, 0),
(708, NULL, NULL, NULL, 3, 'other', 'Pyoverdin D-TR133 (gly, amide)', '', NULL, 'C53H77N15O20', 1243.5469299917, NULL, NULL, NULL, NULL, NULL, 0, 0),
(709, NULL, NULL, NULL, 3, 'other', 'Pyoverdin D-TR133 (gly)', '', NULL, 'C53H76N14O21', 1244.5309455765, NULL, NULL, NULL, NULL, NULL, 0, 0),
(710, NULL, NULL, NULL, 3, 'other', 'Pyoverdin 90-51 (amide)', '', NULL, 'C51H75N15O22', 1249.5211091717, NULL, NULL, NULL, NULL, NULL, 0, 0),
(711, NULL, NULL, NULL, 3, 'other', 'Pyoverdin 96-318', '', NULL, 'C52H77N15O22', 1263.5367592359, NULL, NULL, NULL, NULL, NULL, 0, 0),
(712, NULL, NULL, NULL, 3, 'other', 'Pyoverdin Pau (amide)', '', NULL, 'C52H76N16O22', 1276.532008209, NULL, NULL, NULL, NULL, NULL, 0, 0),
(713, NULL, NULL, NULL, 3, 'other', 'Pyoverdin Pau', '', NULL, 'C52H75N15O23', 1277.5160237938, NULL, NULL, NULL, NULL, NULL, 0, 0),
(714, NULL, NULL, NULL, 3, 'other', 'Pyverdin 96-318 (amide)', '', NULL, 'C52H78N16O22', 1278.5476582732, NULL, NULL, NULL, NULL, NULL, 0, 0),
(715, NULL, NULL, NULL, 3, 'other', 'Pyoverdin Pfl 1,3', '', NULL, 'C53H75N17O21', 1285.53234256, NULL, NULL, NULL, NULL, NULL, 0, 0),
(716, NULL, NULL, NULL, 3, 'other', 'Pyoverdin Pfl \'\'ng\'\' (amide)', '', NULL, 'C55H83N17O19', 1285.6051135726, NULL, NULL, NULL, NULL, NULL, 0, 0),
(717, NULL, NULL, NULL, 3, 'other', 'Pyoverdin Pfl \'\'ng\'\'', '', NULL, 'C55H82N16O20', 1286.5891291574, NULL, NULL, NULL, NULL, NULL, 0, 0),
(718, NULL, NULL, NULL, 3, 'other', 'Pyoverdin CHAO (amide)', '', NULL, 'C55H82N16O20', 1286.5891291574, NULL, NULL, NULL, NULL, NULL, 0, 0),
(719, NULL, NULL, NULL, 3, 'other', 'Pyoverdin CHAO', '', NULL, 'C55H81N15O21', 1287.5731447422, NULL, NULL, NULL, NULL, NULL, 0, 0),
(720, NULL, NULL, NULL, 3, 'other', 'Pyoverdin CFBP 2392', '', NULL, 'C55H82N16O22', 1318.5789584016, NULL, NULL, NULL, NULL, NULL, 0, 0),
(721, NULL, NULL, NULL, 3, 'other', 'Pyoverdin Pa (E; PaO1)', '', NULL, 'C55H84N18O21', 1332.6058418541, NULL, NULL, NULL, NULL, NULL, 0, 0),
(722, NULL, NULL, NULL, 3, 'other', 'Pyoverdin Pa A (Pyoverdin D)', '', NULL, 'C55H83N17O22', 1333.5898574389, NULL, NULL, NULL, NULL, NULL, 0, 0),
(723, NULL, NULL, NULL, 3, 'other', 'Pyoverdin ATCC 12634 (amide)', '', NULL, 'C54H77N15O25', 1335.5215031022, NULL, NULL, NULL, NULL, NULL, 0, 0),
(724, NULL, NULL, NULL, 3, 'other', 'Pyoverdin ATCC 12633', '', NULL, 'C54H76N14O26', 1336.505518687, NULL, NULL, NULL, NULL, NULL, 0, 0),
(725, NULL, NULL, NULL, 3, 'other', 'Pyoverdin CFBP 2461', '', NULL, 'C56H84N16O23', 1348.5895230879, NULL, NULL, NULL, NULL, NULL, 0, 0),
(726, NULL, NULL, NULL, 3, 'other', 'Pyoverdin L1', '', NULL, 'C56H83N15O24', 1349.5735386727, NULL, NULL, NULL, NULL, NULL, 0, 0),
(727, NULL, NULL, NULL, 3, 'other', 'Pyoverdin Pa B (Pyoverdin C)', '', NULL, 'C56H83N17O23', 1361.584772061, NULL, NULL, NULL, NULL, NULL, 0, 0),
(728, NULL, NULL, NULL, 3, 'other', 'Azotobactin 87 II', '', NULL, 'C55H78N14O27', 1366.5160833733, NULL, NULL, NULL, NULL, NULL, 0, 0),
(729, NULL, NULL, NULL, 3, 'other', 'Pyoverdin Put C 2B (amide)', '', NULL, 'C54H79N15O27', 1369.5269824106, NULL, NULL, NULL, NULL, NULL, 0, 0),
(730, NULL, NULL, NULL, 3, 'other', 'Pyoverdin Put C 3B', '', NULL, 'C54H78N14O28', 1370.5109979954, NULL, NULL, NULL, NULL, NULL, 0, 0),
(731, NULL, NULL, NULL, 3, 'other', 'Pyoverdin 51W (amide)', '', NULL, 'C56H82N18O23', 1374.5800210341, NULL, NULL, NULL, NULL, NULL, 0, 0),
(732, NULL, NULL, NULL, 3, 'other', 'Pyoverdin 18,1', '', NULL, 'C57H84N17O23', 1374.5925970931, NULL, NULL, NULL, NULL, NULL, 0, 0),
(733, NULL, NULL, NULL, 3, 'other', 'Pyoverdin 51W', '', NULL, 'C56H81N17O24', 1375.5640366189, NULL, NULL, NULL, NULL, NULL, 0, 0),
(734, NULL, NULL, NULL, 3, 'other', 'Azotobactin 87 I', '', NULL, 'C55H80N14O28', 1384.5266480596, NULL, NULL, NULL, NULL, NULL, 0, 0),
(735, NULL, NULL, NULL, 3, 'other', 'Pyoverdin Put C 2A (amide)', '', NULL, 'C54H79N15O28', 1385.5218970327, NULL, NULL, NULL, NULL, NULL, 0, 0),
(736, NULL, NULL, NULL, 3, 'other', 'Pyoverdin Put C 3A', '', NULL, 'C54H78N14O29', 1386.5059126175, NULL, NULL, NULL, NULL, NULL, 0, 0),
(737, NULL, NULL, NULL, 3, 'other', 'Pyoverdin 95-275', '', NULL, 'C57H84N16O25', 1392.5793523321, NULL, NULL, NULL, NULL, NULL, 0, 0),
(738, NULL, NULL, NULL, 3, 'other', 'Azotobactin', '', NULL, 'C55H77N16O27', 1393.5144063516, NULL, NULL, NULL, NULL, NULL, 0, 0),
(739, NULL, NULL, NULL, 3, 'other', 'Pyoverdin GM-II', '', NULL, 'C59H87N17O23', 1401.6160721894, NULL, NULL, NULL, NULL, NULL, 0, 0),
(740, NULL, NULL, NULL, 3, 'other', 'Azotobactin D', '', NULL, 'C55H79N16O28', 1411.5249710379, NULL, NULL, NULL, NULL, NULL, 0, 0),
(741, NULL, NULL, NULL, 3, 'other', 'Pyoverdin GM-I', '', NULL, 'C59H86N18O23', 1414.6113211625, NULL, NULL, NULL, NULL, NULL, 0, 0),
(742, NULL, NULL, NULL, 3, 'other', 'Pyoverdin Tol', '', NULL, 'C58H89N17O25', 1423.6215514978, NULL, NULL, NULL, NULL, NULL, 0, 0),
(743, NULL, NULL, NULL, 3, 'other', 'Pyoverdin 90-316, G168', '', NULL, 'C58H88N16O26', 1424.6055670826, NULL, NULL, NULL, NULL, NULL, 0, 0),
(744, NULL, NULL, NULL, 3, 'other', 'Pyoverdin Lille 25 (amide)', '', NULL, 'C59H90N18O24', 1434.637535913, NULL, NULL, NULL, NULL, NULL, 0, 0),
(745, NULL, NULL, NULL, 3, 'other', 'Pyoverdin Lille 25', '', NULL, 'C59H89N17O25', 1435.6215514978, NULL, NULL, NULL, NULL, NULL, 0, 0),
(746, NULL, NULL, NULL, 3, 'other', 'Pyoverdin 90-44', '', NULL, 'C58H87N17O26', 1437.6008160557, NULL, NULL, NULL, NULL, NULL, 0, 0),
(747, NULL, NULL, NULL, 3, 'other', 'Pyoverdin Pfl 12 IIA (amide)', '', NULL, 'C62H93N19O26', 1519.6539142587, NULL, NULL, NULL, NULL, NULL, 0, 0),
(748, NULL, NULL, NULL, 3, 'other', 'Pyoverdin Pfl 12 IA', '', NULL, 'C62H92N18O27', 1520.6379298435, NULL, NULL, NULL, NULL, NULL, 0, 0),
(749, NULL, NULL, NULL, 3, 'other', 'Pyoverdin Pfl 12 IB', '', NULL, 'C63H92N18O27', 1532.6379298435, NULL, NULL, NULL, NULL, NULL, 0, 0),
(750, NULL, NULL, NULL, 3, 'other', 'Pyoverdin Pf 1547', '', NULL, 'C64H97N19O26', 1547.6852143871, NULL, NULL, NULL, NULL, NULL, 0, 0),
(751, NULL, NULL, NULL, 3, 'other', 'Pyoverdin Pfl 12 IIB', '', NULL, 'C63H95N19O27', 1549.664478945, NULL, NULL, NULL, NULL, NULL, 0, 0),
(752, NULL, NULL, NULL, 3, 'other', 'Pseurotin F2 2', '', NULL, 'C21H23NO8', 417.1423667203, NULL, NULL, NULL, NULL, NULL, 0, 0),
(753, NULL, NULL, NULL, 3, 'other', 'Fusarin X 2', '', NULL, 'C23H29NO8', 447.1893169129, NULL, NULL, NULL, NULL, NULL, 0, 0),
(754, NULL, NULL, NULL, 3, 'other', 'Tryptoquivaline D 2', '', NULL, 'C28H28N4O7', 532.1957992743, NULL, NULL, NULL, NULL, NULL, 0, 0),
(755, NULL, NULL, NULL, 3, 'other', 'Corynebactin 2', '', NULL, 'C36H36N6O18', 840.2086083846, NULL, NULL, 7, '199', NULL, 0, 0),
(756, NULL, NULL, NULL, 3, 'other', 'Pyoverdin Ps 6,10 2', '', NULL, 'C47H71N13O18', 1105.5040025445, NULL, NULL, NULL, NULL, NULL, 0, 0),
(757, NULL, NULL, NULL, 3, 'other', 'Pyoverdin 11370 2', '', NULL, 'C45H62N12O22', 1122.4101617388, NULL, NULL, NULL, NULL, NULL, 0, 0),
(758, NULL, NULL, NULL, 3, 'other', 'Pyoverdin G173 2', '', NULL, 'C49H69N13O21', 1175.4730963466, NULL, NULL, NULL, NULL, NULL, 0, 0),
(759, NULL, NULL, NULL, 3, 'other', 'Pyoverdin Pfl W (amide) 2', '', NULL, 'C48H66N16O21', 1202.4588432659, NULL, NULL, NULL, NULL, NULL, 0, 0),
(760, NULL, NULL, NULL, 3, 'other', 'Pyoverdin Pfl W 2', '', NULL, 'C48H65N15O22', 1203.4428588507, NULL, NULL, NULL, NULL, NULL, 0, 0),
(761, NULL, NULL, NULL, 3, 'other', 'Pyoverdin 96-312 2', '', NULL, 'C51H74N14O21', 1218.5152955123, NULL, NULL, NULL, NULL, NULL, 0, 0),
(762, NULL, NULL, NULL, 3, 'other', 'Pyoverdin D47 2', '', NULL, 'C51H74N14O21', 1218.5152955123, NULL, NULL, NULL, NULL, NULL, 0, 0),
(763, NULL, NULL, NULL, 3, 'other', 'Pyoverdin 96-188 2', '', NULL, 'C53H76N14O22', 1260.5258601986, NULL, NULL, NULL, NULL, NULL, 0, 0),
(764, NULL, NULL, NULL, 3, 'other', 'Pyoverdin 96-188 3', '', NULL, 'C53H79N15O21', 1261.557494678, NULL, NULL, NULL, NULL, NULL, 0, 0),
(765, NULL, NULL, NULL, 3, 'other', 'Pyoverdin 96-318 2', '', NULL, 'C53H77N15O23', 1291.531673858, NULL, NULL, NULL, NULL, NULL, 0, 0),
(766, NULL, NULL, NULL, 3, 'other', 'Pyoverdin Pfl \'\'ng\'\' 2', '', NULL, 'C56H82N16O21', 1314.5840437795, NULL, NULL, NULL, NULL, NULL, 0, 0),
(767, NULL, NULL, NULL, 3, 'other', 'Pyoverdin ATCC 12633 2', '', NULL, 'C54H77N15O26', 1351.5164177243, NULL, NULL, NULL, NULL, NULL, 0, 0),
(768, NULL, NULL, NULL, 3, 'other', 'Pyoverdin CFBP 2461 2', '', NULL, 'C56H84N16O24', 1364.58443771, NULL, NULL, NULL, NULL, NULL, 0, 0),
(769, NULL, NULL, NULL, 3, 'other', 'Pyoverdin 18,1 2', '', NULL, 'C57H85N17O24', 1391.5953367473, NULL, NULL, NULL, NULL, NULL, 0, 0),
(770, NULL, NULL, NULL, 3, 'other', 'Pyoverdin 18,1 3', '', NULL, 'C58H88N18O23', 1404.6269712267, NULL, NULL, NULL, NULL, NULL, 0, 0),
(771, NULL, NULL, NULL, 3, 'other', 'Pyoverdin 18,1 4', '', NULL, 'C58H87N17O25', 1421.6059014336, NULL, NULL, NULL, NULL, NULL, 0, 0),
(772, NULL, NULL, NULL, 3, 'other', 'Pyoverdin Tol 2', '', NULL, 'C58H88N16O26', 1424.6055670826, NULL, NULL, NULL, NULL, NULL, 0, 0),
(773, NULL, NULL, NULL, 3, 'other', 'Pyoverdin Tol 3', '', NULL, 'C59H88N16O27', 1452.6004817047, NULL, NULL, NULL, NULL, NULL, 0, 0),
(774, NULL, NULL, NULL, 1, 'cyclic', 'beauverolide I (letter)', '[C11:0-OH(3)]-[Phe]-[Ala]-[Leu]', '[0]-[1]-[2]-[3]', 'C29H45N3O5', 515.335922, 'CCCCCCCCC1CC(=O)NC(CC2=CC=CC=C2)C(=O)NC(C)C(=O)NC(CC(C)C)C(=O)O1', 'CCCCCCCCC1CC(=O)NC(CC2=CC=CC=C2)C(=O)NC(C)C(=O)NC(CC(C)C)C(=O)O1', 6, '10.1002/jms.213', '[27,22,35,11]', 4, 4),
(775, NULL, NULL, NULL, 1, 'cyclic', 'beauverolide II', '[C10:0-Me(4)-OH(3)]-[Phe]-[Ala]-[Leu]', '[0]-[1]-[2]-[3]', 'C29H45N3O5', 515.335922, 'CCCCCCC(C)C1CC(=O)NC(CC2=CC=CC=C2)C(=O)NC(C)C(=O)NC(CC(C)C)C(=O)O1', 'CCCCCCC(C)C1CC(=O)NC(CC2=CC=CC=C2)C(=O)NC(C)C(=O)NC(CC(C)C)C(=O)O1', 0, '139583582', '[22,27,35,11]', 4, 4),
(776, NULL, NULL, NULL, 1, 'cyclic', 'beauverolide La', '[C10:0-Me(4)-OH(3)]-[Phe]-[Ala]-[aIle]', '[0]-[1]-[2]-[3]', 'C29H45N3O5', 515.335922, 'CCCCCCC(C)C1CC(=O)NC(CC2=CC=CC=C2)C(=O)NC(C)C(=O)NC(C(C)CC)C(=O)O1', 'CCCCCCC(C)C1CC(=O)NC(CC2=CC=CC=C2)C(=O)NC(C)C(=O)NC(C(C)CC)C(=O)O1', 0, '85130020', '[11,22,27,35]', 4, 4),
(777, NULL, NULL, NULL, 1, 'cyclic', 'beauverolide Ka', '[C10:0-Me(4)-OH(3)]-[Trp]-[Phe]-[aIle]', '[0]-[1]-[2]-[3]', 'C37H50N4O5', 630.378121, 'CCCCCCC(C)C1CC(=O)NC(CC2=CNC3=CC=CC=C23)C(=O)NC(CC4=CC=CC=C4)C(=O)NC(C(C)CC)C(=O)O1', 'CCCCCCC(C)C1CC(=O)NC(CC2=CNC3=CC=CC=C23)C(=O)NC(CC4=CC=CC=C4)C(=O)NC(C(C)CC)C(=O)O1', 6, '10.1002/jms.213', '[11,44,25,36]', 4, 4),
(778, NULL, NULL, NULL, 1, 'cyclic', 'beauverolide Ja', '[C8:0-Me(4)-OH(3)]-[Trp]-[Phe]-[aIle]', '[0]-[1]-[2]-[3]', 'C35H46N4O5', 602.346821, 'CCCCC(C)C1CC(=O)NC(CC2=CNC3=CC=CC=C23)C(=O)NC(CC4=CC=CC=C4)C(=O)NC(C(C)CC)C(=O)O1', 'CCCCC(C)C1CC(=O)NC(CC2=CNC3=CC=CC=C23)C(=O)NC(CC4=CC=CC=C4)C(=O)NC(C(C)CC)C(=O)O1', 6, '10.1002/jms.213', '[42,34,23,9]', 4, 4),
(779, NULL, NULL, NULL, 1, 'cyclic', 'beauverolide Ba', '[C10:0-Me(4)-OH(3)]-[Val]-[Phe]-[aIle]', '[0]-[1]-[2]-[3]', 'C31H49N3O5', 543.367222, 'CCCCCCC(C)C1CC(=O)NC(C(C)C)C(=O)NC(CC2=CC=CC=C2)C(=O)NC(C(C)CC)C(=O)O1', 'CCCCCCC(C)C1CC(=O)NC(C(C)C)C(=O)NC(CC2=CC=CC=C2)C(=O)NC(C(C)CC)C(=O)O1', 0, '102059832', '[11,18,29,37]', 4, 4),
(780, NULL, NULL, NULL, 1, 'cyclic', 'beauverolide Ea', '[C8:0-Me(4)-OH(3)]-[Val]-[Phe]-[aIle]', '[0]-[1]-[2]-[3]', 'C29H45N3O5', 515.335922, 'CCCCC(C)C1CC(=O)NC(C(C)C)C(=O)NC(CC2=CC=CC=C2)C(=O)NC(C(C)CC)C(=O)O1', 'CCCCC(C)C1CC(=O)NC(C(C)C)C(=O)NC(CC2=CC=CC=C2)C(=O)NC(C(C)CC)C(=O)O1', 0, '11249325', '[9,16,27,35]', 4, 4),
(781, NULL, NULL, NULL, 1, 'cyclic', 'beauverolide Fa (IX)', '[C8:0-Me(4)-OH(3)]-[Phe]-[Phe]-[aIle]', '[0]-[1]-[2]-[3]', 'C33H45N3O5', 563.335922, 'CCCCC(C)C1CC(=O)NC(CC2=CC=CC=C2)C(=O)NC(CC3=CC=CC=C3)C(=O)NC(C(C)CC)C(=O)O1', 'CCCCC(C)C1CC(=O)NC(CC2=CC=CC=C2)C(=O)NC(CC3=CC=CC=C3)C(=O)NC(C(C)CC)C(=O)O1', 0, '122404436', '[9,20,31,39]', 3, 4),
(782, NULL, NULL, NULL, 1, 'cyclic', 'beauverolide III', '[C8:0-Me(4)-OH(3)]-[Phe]-[Ala]-[aIle]', '[0]-[1]-[2]-[3]', 'C27H41N3O5', 487.3046214422, 'CCCCC(C)C1CC(=O)NC(CC2=CC=CC=C2)C(=O)NC(C)C(=O)NC(C(C)CC)C(=O)O1', 'CCCCC(C)C1CC(=O)NC(CC2=CC=CC=C2)C(=O)NC(C)C(=O)NC(C(C)CC)C(=O)O1', 0, '73239629', '[9,20,25,33]', 4, 4),
(783, NULL, NULL, NULL, 1, 'cyclic', 'beauverolide IV', '[C8:0-Me(4)-OH(3)]-[Val]-[Ala]-[Val]', '[0]-[1]-[2]-[3]', 'C22H39N3O5', 425.288971, 'CCCCC(C)C1CC(=O)NC(C(C)C)C(=O)NC(C)C(=O)NC(C(C)C)C(=O)O1', 'CCCCC(C)C1CC(=O)NC(C(C)C)C(=O)NC(C)C(=O)NC(C(C)C)C(=O)O1', 6, '10.7164/antibiotics.57.1', '[9,16,21,28]', 3, 4),
(784, NULL, NULL, NULL, 1, 'cyclic', 'beauverolide V', '[C8:0-Me(4)-OH(3)]-[Val]-[Ala]-[aIle]', '[0]-[1]-[2]-[3]', 'C23H41N3O5', 439.304621, 'CCCCC(C)C1CC(=O)NC(C(C)C)C(=O)NC(C)C(=O)NC(C(C)CC)C(=O)O1', 'CCCCC(C)C1CC(=O)NC(C(C)C)C(=O)NC(C)C(=O)NC(C(C)CC)C(=O)O1', 6, '10.7164/antibiotics.57.1', '[9,16,21,29]', 4, 4),
(785, NULL, NULL, NULL, 1, 'cyclic', 'beauverolide VI', '[C8:0-Me(4)-OH(3)]-[Val]-[Ala]-[Leu]', '[0]-[1]-[2]-[3]', 'C23H41N3O5', 439.304621, 'CCCCC(C)C1CC(=O)NC(C(C)C)C(=O)NC(C)C(=O)NC(CC(C)C)C(=O)O1', 'CCCCC(C)C1CC(=O)NC(C(C)C)C(=O)NC(C)C(=O)NC(CC(C)C)C(=O)O1', 6, '10.7164/antibiotics.57.1', '[9,16,21,29]', 4, 4),
(786, NULL, NULL, NULL, 1, 'cyclic', 'beauverolide VII', '[C8:0-Me(4)-OH(3)]-[Phe]-[Ala]-[Val]', '[0]-[1]-[2]-[3]', 'C26H39N3O5', 473.288971378, 'CCCCC(C)C1CC(=O)NC(CC2=CC=CC=C2)C(=O)NC(C)C(=O)NC(C(C)C)C(=O)O1', 'CCCCC(C)C1CC(=O)NC(CC2=CC=CC=C2)C(=O)NC(C)C(=O)NC(C(C)C)C(=O)O1', 6, '10.7164/antibiotics.57.1', '[9,25,20,32]', 4, 4),
(787, NULL, NULL, NULL, 1, 'cyclic', 'beauverolide VIII', '[C10:0-Me(4)-OH(3)]-[Val]-[Ala]-[aIle]', '[0]-[1]-[2]-[3]', 'C25H45N3O5', 467.3359215706, 'CCCCCCC(C)C1CC(=O)NC(C(C)C)C(=O)NC(C)C(=O)NC(C(C)CC)C(=O)O1', 'CCCCCCC(C)C1CC(=O)NC(C(C)C)C(=O)NC(C)C(=O)NC(C(C)CC)C(=O)O1', 6, '10.7164/antibiotics.57.1', '[23,18,11,31]', 4, 4),
(789, NULL, NULL, NULL, 1, 'cyclic', 'beauverolide M', '[C8:0-Me(4)-OH(3)]-[Val]-[Ala]-[Leu]', '[0]-[1]-[2]-[3]', 'C23H41N3O5', 439.304621, 'CCCCC(C)C1CC(=O)NC(C(C)C)C(=O)NC(C)C(=O)NC(CC(C)C)C(=O)O1', 'CCCCC(C)C1CC(=O)NC(C(C)C)C(=O)NC(C)C(=O)NC(CC(C)C)C(=O)O1', 6, '10.1002/jms.213', '[9,29,16,21]', 4, 4),
(790, NULL, NULL, NULL, 1, 'cyclic', 'beauverolide N', '[C8:0-Me(4)-OH(3)]-[Tyr]-[Ala]-[Leu]', '[0]-[1]-[2]-[3]', 'C27H41N3O6', 503.299536, 'CCCCC(C)C1CC(=O)NC(CC2=CC=C(O)C=C2)C(=O)NC(C)C(=O)NC(CC(C)C)C(=O)O1', 'CCCCC(C)C1CC(=O)NC(CC2=CC=C(O)C=C2)C(=O)NC(C)C(=O)NC(CC(C)C)C(=O)O1', 6, '10.1002/jms.213', '[9,21,34,26]', 4, 4),
(791, NULL, NULL, NULL, 1, 'cyclic', 'beauverolide P', '[C10:0-Me(4)-OH(3)]-[Val]-[Ala]-[Lxx]', '[0]-[1]-[2]-[3]', 'C25H45N3O5', 467.335922, 'CCCCCCC(C)C1CC(=O)NC(C(C)C)C(=O)NC(C)C(=O)NC(CC(C)C)C(=O)O1', 'CCCCCCC(C)C1CC(=O)NC(C(C)C)C(=O)NC(C)C(=O)NC(CC(C)C)C(=O)O1', 6, '10.1002/jms.674', '[18,31,23,11]', 4, 4),
(792, NULL, NULL, NULL, 1, 'cyclic', 'beauverolide Q', '[C8:0-Me(4)-OH(3)]-[Trp]-[Ala]-[Lxx]', '[0]-[1]-[2]-[3]', 'C29H42N4O5', 526.31552, 'CCCCC(C)C1CC(=O)NC(CC2=CNC3=CC=CC=C23)C(=O)NC(C)C(=O)NC(CC(C)C)C(=O)O1', 'CCCCC(C)C1CC(=O)NC(CC2=CNC3=CC=CC=C23)C(=O)NC(C)C(=O)NC(CC(C)C)C(=O)O1', 6, '10.1002/jms.674', '[9,23,28,36]', 4, 4),
(793, NULL, NULL, NULL, 1, 'cyclic', 'beauverolide R', '[C10:0-Me(4)-OH(3)]-[Trp]-[Ala]-[Lxx]', '[0]-[1]-[2]-[3]', 'C31H46N4O5', 554.346821, 'CCCCCCC(C)C1CC(=O)NC(CC2=CNC3=CC=CC=C23)C(=O)NC(C)C(=O)NC(CC(C)C)C(=O)O1', 'CCCCCCC(C)C1CC(=O)NC(CC2=CNC3=CC=CC=C23)C(=O)NC(C)C(=O)NC(CC(C)C)C(=O)O1', 6, '10.1002/jms.674', '[25,38,11,30]', 4, 4),
(796, 4, 3, NULL, 1, 'linear', 'gramicidin B (Val)', '[Val]-[Gly]-[Ala]-[Leu]-[Ala]-[Val]-[Val]-[Val]-[Trp]-[Leu]-[Phe]-[Leu]-[Trp]-[Leu]-[Trp]', '[0]-[1]-[2]-[3]-[4]-[5]-[6]-[7]-[8]-[9]-[10]-[11]-[12]-[13]-[14]', 'C97H139N19O17', 1842.0596341364, 'CC(C)CC(C(=O)NC(C)C(=O)NC(C(C)C)C(=O)NC(C(C)C)C(=O)NC(C(C)C)C(=O)NC(CC1=CNC2=CC=CC=C21)C(=O)NC(CC(C)C)C(=O)NC(CC3=CC=CC=C3)C(=O)NC(CC(C)C)C(=O)NC(CC4=CNC5=CC=CC=C54)C(=O)NC(CC(C)C)C(=O)NC(CC6=CNC7=CC=CC=C76)C(=O)NCCO)NC(=O)C(C)NC(=O)CNC(=O)C(C(C)C)NC=O', 'CC(C)CC(NC(=O)C(C)NC(=O)CNC(=O)C(NC=O)C(C)C)C(=O)NC(C)C(=O)NC(C(C)C)C(=O)NC(C(C)C)C(=O)NC(C(C)C)C(=O)NC(CC1=CNC2=CC=CC=C12)C(=O)NC(CC(C)C)C(=O)NC(CC3=CC=CC=C3)C(=O)NC(CC(C)C)C(=O)NC(CC4=CNC5=CC=CC=C45)C(=O)NC(CC(C)C)C(=O)NC(CC6=CNC7=CC=CC=C67)C(=O)NCCO', 0, '16152992', '[6,11,18,25,32,46,54,65,73,87,95,114,119,123]', 6, 15),
(797, NULL, NULL, NULL, 1, 'linear', 'fusarinine A', '[OH-MP]-[OH-Orn]-[OH-MP]-[OH-Orn]', '[0]-[1]-[2]-[3]', 'C22H38N4O9', 502.263879, 'CC(CCO)=CC(=O)N(O)CCCC(N)C(=O)OCCC(C)=CC(=O)N(O)CCCC(N)C(O)=O', 'CC(CCO)=CC(=O)N(O)CCCC(N)C(=O)OCCC(C)=CC(=O)N(O)CCCC(N)C(O)=O', 7, '306', '[24,7,16]', 2, 4),
(798, NULL, NULL, NULL, 1, 'linear', 'triacetylfusarinin B', '[OH-MP]-[N2Ac-OH-Orn]-[OH-MP]-[N2Ac-OH-Orn]-[OH-MP]-[N2Ac-OH-Orn]', '[0]-[1]-[2]-[3]-[4]-[5]', 'C39H62N6O16', 870.42223, 'CC(=O)NC(CCCN(O)C(=O)C=C(C)CCOC(=O)C(CCCN(O)C(=O)C=C(C)CCOC(=O)C(CCCN(O)C(=O)C=C(C)CCO)NC(C)=O)NC(C)=O)C(O)=O', 'CC(=O)NC(CCCN(O)C(=O)C=C(C)CCOC(=O)C(CCCN(O)C(=O)C=C(C)CCOC(=O)C(CCCN(O)C(=O)C=C(C)CCO)NC(C)=O)NC(C)=O)C(O)=O', 6, '10.1021/acs.analchem.0c00170', '[41,33,25,17,9]', 2, 6),
(799, 4, 3, NULL, 1, 'linear', 'gramicidin A (Ile)', '[Ile]-[Gly]-[Ala]-[Leu]-[Ala]-[Val]-[Val]-[Val]-[Trp]-[Leu]-[Trp]-[Leu]-[Trp]-[Leu]-[Trp]', '[0]-[1]-[2]-[3]-[4]-[5]-[6]-[7]-[8]-[9]-[10]-[11]-[12]-[13]-[14]', 'C100H142N20O17', 1895.0861832379, 'CC(C)CC(C(=O)NC(C)C(=O)NC(C(C)C)C(=O)NC(C(C)C)C(=O)NC(C(C)C)C(=O)NC(CC1=CNC2=CC=CC=C21)C(=O)NC(CC(C)C)C(=O)NC(CC3=CNC4=CC=CC=C43)C(=O)NC(CC(C)C)C(=O)NC(CC5=CNC6=CC=CC=C65)C(=O)NC(CC(C)C)C(=O)NC(CC7=CNC8=CC=CC=C87)C(=O)NCCO)NC(=O)C(C)NC(=O)CNC(=O)C(C(C)CC)NC=O', 'CCC(C)C(NC=O)C(=O)NCC(=O)NC(C)C(=O)NC(CC(C)C)C(=O)NC(C)C(=O)NC(C(C)C)C(=O)NC(C(C)C)C(=O)NC(C(C)C)C(=O)NC(CC1=CNC2=CC=CC=C12)C(=O)NC(CC(C)C)C(=O)NC(CC3=CNC4=CC=CC=C34)C(=O)NC(CC(C)C)C(=O)NC(CC5=CNC6=CC=CC=C56)C(=O)NC(CC(C)C)C(=O)NC(CC7=CNC8=CC=CC=C78)C(=O)NCCO', 1, '34985413', '[6,11,18,25,32,46,54,68,76,90,98,117,122,126]', 6, 15),
(800, 4, 3, NULL, 1, 'linear', 'gramicidin B (Ile)', '[Ile]-[Gly]-[Ala]-[Leu]-[Ala]-[Val]-[Val]-[Val]-[Trp]-[Leu]-[Phe]-[Leu]-[Trp]-[Leu]-[Trp]', '[0]-[1]-[2]-[3]-[4]-[5]-[6]-[7]-[8]-[9]-[10]-[11]-[12]-[13]-[14]', 'C98H141N19O17', 1856.075284, 'CC(C)CC(C(=O)NC(C)C(=O)NC(C(C)C)C(=O)NC(C(C)C)C(=O)NC(C(C)C)C(=O)NC(CC1=CNC2=CC=CC=C21)C(=O)NC(CC(C)C)C(=O)NC(CC3=CC=CC=C3)C(=O)NC(CC(C)C)C(=O)NC(CC4=CNC5=CC=CC=C54)C(=O)NC(CC(C)C)C(=O)NC(CC6=CNC7=CC=CC=C76)C(=O)NCCO)NC(=O)C(C)NC(=O)CNC(=O)C(C(C)CC)NC=O', 'CCC(C)C(NC=O)C(=O)NCC(=O)NC(C)C(=O)NC(CC(C)C)C(=O)NC(C)C(=O)NC(C(C)C)C(=O)NC(C(C)C)C(=O)NC(C(C)C)C(=O)NC(CC1=CNC2=CC=CC=C12)C(=O)NC(CC(C)C)C(=O)NC(CC3=CC=CC=C3)C(=O)NC(CC(C)C)C(=O)NC(CC4=CNC5=CC=CC=C45)C(=O)NC(CC(C)C)C(=O)NC(CC6=CNC7=CC=CC=C67)C(=O)NCCO', 1, '34985414', '[6,11,18,25,32,46,54,65,73,87,95,114,119,123]', 7, 15),
(801, 4, 3, NULL, 1, 'linear', 'gramicidin C (Ile)', '[Ile]-[Gly]-[Ala]-[Leu]-[Ala]-[Val]-[Val]-[Val]-[Trp]-[Leu]-[Tyr]-[Leu]-[Trp]-[Leu]-[Trp]', '[0]-[1]-[2]-[3]-[4]-[5]-[6]-[7]-[8]-[9]-[10]-[11]-[12]-[13]-[14]', 'C98H141N19O18', 1872.0701988227, 'CCC(C)C(NC=O)C(=O)NCC(=O)NC(C)C(=O)NC(CC(C)C)C(=O)NC(C)C(=O)NC(C(C)C)C(=O)NC(C(C)C)C(=O)NC(C(C)C)C(=O)NC(CC1=CNC2=C1C=CC=C2)C(=O)NC(CC(C)C)C(=O)NC(CC3=CC=C(O)C=C3)C(=O)NC(CC(C)C)C(=O)NC(CC4=CNC5=C4C=CC=C5)C(=O)NC(CC(C)C)C(=O)NC(CC6=CNC7=C6C=CC=C7)C(=O)NCCO', 'CCC(C)C(NC=O)C(=O)NCC(=O)NC(C)C(=O)NC(CC(C)C)C(=O)NC(C)C(=O)NC(C(C)C)C(=O)NC(C(C)C)C(=O)NC(C(C)C)C(=O)NC(CC1=CNC2=C1C=CC=C2)C(=O)NC(CC(C)C)C(=O)NC(CC3=CC=C(O)C=C3)C(=O)NC(CC(C)C)C(=O)NC(CC4=CNC5=C4C=CC=C5)C(=O)NC(CC(C)C)C(=O)NC(CC6=CNC7=C6C=CC=C7)C(=O)NCCO', 1, '34985415', '[9,13,18,26,31,38,45,52,66,74,86,94,108,116]', 7, 15),
(802, NULL, NULL, NULL, 1, 'branch-cyclic', 'pyoverdin C', '[Thr]-[Thr]\\([Lys]-[Fo-OH-Orn]-[Ser]-[Arg]-[Ser]-[ChrPaA]-[Oga]\\)[Fo-OH-Orn]', '[0]-[1]\\([2]-[3]-[4]-[5]-[6]-[7]-[8]\\)[9]', 'C56H83N17O23', 1361.584772061, 'CC(C1C(=O)NC(C(=O)NCCCCC(C(=O)NC(C(=O)N1)CCCN(C=O)O)NC(=O)C(CCCN(C=O)O)NC(=O)C(CO)NC(=O)C(CCCN=C(N)N)NC(=O)C(CO)NC(=O)C2CCNC3=C(C=C4C=C(C(=O)C=C4N23)O)NC(=O)CCC(=O)C(=O)O)C(C)O)O', 'CC(O)C1NC(=O)C(NC(=O)C(CCCN(O)C=O)NC(=O)C(CCCCNC1=O)NC(=O)C(CCCN(O)C=O)NC(=O)C(CO)NC(=O)C(CCCN=C(N)N)NC(=O)C(CO)NC(=O)C2CCNC3=C(NC(=O)CCC(=O)C(O)=O)C=C4C=C(O)C(=O)C=C4N233)C(C)O', 0, '152772135', '[4,8,16,20,29,40,46,57,63,82]', 7, 10),
(803, NULL, NULL, NULL, 1, 'linear', 'amphibactin C', '[C16:1(9)-OH(3)]-[Ac-OH-Orn]-[Ac-OH-Orn]-[Ser]-[Ac-OH-Orn]', '[0]-[1]-[2]-[3]-[4]', 'C40H71N7O14', 873.5059, 'CCCCCCC=CCCCCCC(O)CC(=O)NC(CCCN(O)C(C)=O)C(=O)NC(CCCN(O)C(C)=O)C(=O)NC(CO)C(=O)NC(CCCN(O)C(C)=O)C(O)=O', 'CCCCCCC=CCCCCCC(O)CC(=O)NC(CCCN(O)C(C)=O)C(=O)NC(CCCN(O)C(C)=O)C(=O)NC(CO)C(=O)NC(CCCN(O)C(C)=O)C(O)=O', 6, '10.1073/pnas.0637444100', '[17,29,41,47]', 3, 5),
(804, NULL, NULL, NULL, 1, 'linear', 'amphibactin T', '[C12:0]-[Ac-OH-Orn]-[Ac-OH-Orn]-[Ser]-[Ac-OH-Orn]', '[0]-[1]-[2]-[3]-[4]', 'C36H65N7O13', 803.464035, 'CCCCCCCCCCCC(=O)NC(CCCN(C(=O)C)O)C(=O)NC(CCCN(C(=O)C)O)C(=O)NC(CO)C(=O)NC(CCCN(C(=O)C)O)C(=O)O', 'CCCCCCCCCCCC(=O)NC(CCCN(O)C(C)=O)C(=O)NC(CCCN(O)C(C)=O)C(=O)NC(CO)C(=O)NC(CCCN(O)C(C)=O)C(O)=O', 0, '122223346', '[12,24,36,42]', 3, 5),
(805, NULL, NULL, NULL, 1, 'linear', 'amphibactin S', '[C14:1(7)]-[Ac-OH-Orn]-[Ac-OH-Orn]-[Ser]-[Ac-OH-Orn]', '[0]-[1]-[2]-[3]-[4]', 'C38H67N7O13', 829.479685, 'CCCCCCC=CCCCCCC(=O)NC(CCCN(C(=O)C)O)C(=O)NC(CCCN(C(=O)C)O)C(=O)NC(CO)C(=O)NC(CCCN(C(=O)C)O)C(=O)O', 'CCCCCCC=CCCCCCC(=O)NC(CCCN(O)C(C)=O)C(=O)NC(CCCN(O)C(C)=O)C(=O)NC(CO)C(=O)NC(CCCN(O)C(C)=O)C(O)=O', 0, '139584315', '[14,26,38,44]', 3, 5),
(806, NULL, NULL, NULL, 1, 'linear', 'amphibactin D', '[C14:0]-[Ac-OH-Orn]-[Ac-OH-Orn]-[Ser]-[Ac-OH-Orn]', '[0]-[1]-[2]-[3]-[4]', 'C38H69N7O13', 831.495335, 'CCCCCCCCCCCCCC(=O)NC(CCCN(O)C(C)=O)C(=O)NC(CCCN(O)C(C)=O)C(=O)NC(CO)C(=O)NC(CCCN(O)C(C)=O)C(O)=O', 'CCCCCCCCCCCCCC(=O)NC(CCCN(O)C(C)=O)C(=O)NC(CCCN(O)C(C)=O)C(=O)NC(CO)C(=O)NC(CCCN(O)C(C)=O)C(O)=O', 6, '10.1073/pnas.0637444100', '[14,26,38,44]', 3, 5),
(807, NULL, NULL, NULL, 1, 'linear', 'amphibactin E', '[C16:1(9)]-[Ac-OH-Orn]-[Ac-OH-Orn]-[Ser]-[Ac-OH-Orn]', '[0]-[1]-[2]-[3]-[4]', 'C40H71N7O13', 857.510985, 'CCCCCCC=CCCCCCCCC(=O)NC(CCCN(O)C(C)=O)C(=O)NC(CCCN(O)C(C)=O)C(=O)NC(CO)C(=O)NC(CCCN(O)C(C)=O)C(O)=O', 'CCCCCCC=CCCCCCCCC(=O)NC(CCCN(O)C(C)=O)C(=O)NC(CCCN(O)C(C)=O)C(=O)NC(CO)C(=O)NC(CCCN(O)C(C)=O)C(O)=O', 6, '10.1073/pnas.0637444100', '[16,28,40,46]', 3, 5),
(808, NULL, NULL, NULL, 1, 'linear', 'amphibactin F', '[C16:0-OH(3)]-[Ac-OH-Orn]-[Ac-OH-Orn]-[Ser]-[Ac-OH-Orn]', '[0]-[1]-[2]-[3]-[4]', 'C40H73N7O14', 875.5215500891, 'CCCCCCCCCCCCCC(O)CC(=O)NC(CCCN(O)C(C)=O)C(=O)NC(CCCN(O)C(C)=O)C(=O)NC(CO)C(=O)NC(CCCN(O)C(C)=O)C(O)=O', 'CCCCCCCCCCCCCC(O)CC(=O)NC(CCCN(O)C(C)=O)C(=O)NC(CCCN(O)C(C)=O)C(=O)NC(CO)C(=O)NC(CCCN(O)C(C)=O)C(O)=O', 6, '10.1073/pnas.0637444100', '[17,29,41,47]', 3, 5),
(809, NULL, NULL, NULL, 1, 'linear', 'amphibactin H', '[C16:0]-[Ac-OH-Orn]-[Ac-OH-Orn]-[Ser]-[Ac-OH-Orn]', '[0]-[1]-[2]-[3]-[4]', 'C40H73N7O13', 859.526635467, 'CCCCCCCCCCCCCCCC(=O)NC(CCCN(O)C(C)=O)C(=O)NC(CCCN(O)C(C)=O)C(=O)NC(CO)C(=O)NC(CCCN(O)C(C)=O)C(O)=O', 'CCCCCCCCCCCCCCCC(=O)NC(CCCN(O)C(C)=O)C(=O)NC(CCCN(O)C(C)=O)C(=O)NC(CO)C(=O)NC(CCCN(O)C(C)=O)C(O)=O', 6, '10.1073/pnas.0637444100', '[16,28,40,46]', 3, 5),
(811, NULL, NULL, NULL, 1, 'linear', 'amphibactin G', '[C18:1(9)-OH(3)]-[Ac-OH-Orn]-[Ac-OH-Orn]-[Ser]-[Ac-OH-Orn]', '[0]-[1]-[2]-[3]-[4]', 'C42H75N7O14', 901.5372001533, 'CCCCCCCCC=CCCCCCC(O)CC(=O)NC(CCCN(O)C(C)=O)C(=O)NC(CCCN(O)C(C)=O)C(=O)NC(CO)C(=O)NC(CCCN(O)C(C)=O)C(O)=O', 'CCCCCCCCC=CCCCCCC(O)CC(=O)NC(CCCN(O)C(C)=O)C(=O)NC(CCCN(O)C(C)=O)C(=O)NC(CO)C(=O)NC(CCCN(O)C(C)=O)C(O)=O', 6, '10.1073/pnas.0637444100', '[19,31,43,49]', 3, 5),
(812, NULL, NULL, NULL, 1, 'linear', 'amphibactin I', '[C18:1(9)]-[Ac-OH-Orn]-[Ac-OH-Orn]-[Ser]-[Ac-OH-Orn]', '[0]-[1]-[2]-[3]-[4]', 'C42H75N7O13', 885.5422855312, 'CCCCCCCCC=CCCCCCCCC(=O)NC(CCCN(O)C(C)=O)C(=O)NC(CCCN(O)C(C)=O)C(=O)NC(CO)C(=O)NC(CCCN(O)C(C)=O)C(O)=O', 'CCCCCCCCC=CCCCCCCCC(=O)NC(CCCN(O)C(C)=O)C(=O)NC(CCCN(O)C(C)=O)C(=O)NC(CO)C(=O)NC(CCCN(O)C(C)=O)C(O)=O', 6, '10.1073/pnas.0637444100', '[18,30,42,48]', 3, 5),
(813, NULL, NULL, NULL, 1, 'linear', 'aquachelin B', '[C12:0]-[OH-Asp]-[Ser]-[Ser]-[Gln]-[Ac-OH-Orn]-[Ser]-[Ac-OH-Orn]', '[0]-[1]-[2]-[3]-[4]-[5]-[6]-[7]', 'C44H76N10O20', 1064.523735, 'CCCCCCCCCCCC(=O)NC(C(C(=O)O)O)C(=O)NC(CO)C(=O)NC(CO)C(=O)NC(CCC(=O)N)C(=O)NC(CCCN(C(=O)C)O)C(=O)NC(CO)C(=O)NC(CCCN(C(=O)C)O)C(=O)O', 'CCCCCCCCCCCC(=O)NC(C(O)C(O)=O)C(=O)NC(CO)C(=O)NC(CO)C(=O)NC(CCC(N)=O)C(=O)NC(CCCN(O)C(C)=O)C(=O)NC(CO)C(=O)NC(CCCN(O)C(C)=O)C(O)=O', 0, '139584536', '[12,21,27,33,42,54,60]', 5, 8),
(814, NULL, NULL, NULL, 1, 'linear', 'aquachelin C', '[C14:1(7)]-[OH-Asp]-[Ser]-[Ser]-[Gln]-[Ac-OH-Orn]-[Ser]-[Ac-OH-Orn]', '[0]-[1]-[2]-[3]-[4]-[5]-[6]-[7]', 'C46H78N10O20', 1090.539385, 'CCCCCCC=CCCCCCC(=O)NC(C(C(=O)O)O)C(=O)NC(CO)C(=O)NC(CO)C(=O)NC(CCC(=O)N)C(=O)NC(CCCN(C(=O)C)O)C(=O)NC(CO)C(=O)NC(CCCN(C(=O)C)O)C(=O)O', 'CCCCCCC=CCCCCCC(=O)NC(C(O)C(O)=O)C(=O)NC(CO)C(=O)NC(CO)C(=O)NC(CCC(N)=O)C(=O)NC(CCCN(O)C(C)=O)C(=O)NC(CO)C(=O)NC(CCCN(O)C(C)=O)C(O)=O', 0, '139587718', '[14,23,29,35,44,56,62]', 5, 8),
(815, NULL, NULL, NULL, 1, 'linear', 'aquachelin D', '[C14:0]-[OH-Asp]-[Ser]-[Ser]-[Gln]-[Ac-OH-Orn]-[Ser]-[Ac-OH-Orn]', '[0]-[1]-[2]-[3]-[4]-[5]-[6]-[7]', 'C46H80N10O20', 1092.555035, 'CCCCCCCCCCCCCC(=O)NC(C(C(=O)O)O)C(=O)NC(CO)C(=O)NC(CO)C(=O)NC(CCC(=O)N)C(=O)NC(CCCN(C(=O)C)O)C(=O)NC(CO)C(=O)NC(CCCN(C(=O)C)O)C(=O)O', 'CCCCCCCCCCCCCC(=O)NC(C(O)C(O)=O)C(=O)NC(CO)C(=O)NC(CO)C(=O)NC(CCC(N)=O)C(=O)NC(CCCN(O)C(C)=O)C(=O)NC(CO)C(=O)NC(CCCN(O)C(C)=O)C(O)=O', 0, '21775724', '[14,23,29,35,44,56,62]', 5, 8),
(816, NULL, NULL, NULL, 1, 'linear', 'aquachelin I', '[C12:0-OH(3)]-[OH-Asp]-[Ser]-[Ser]-[Gln]-[Ac-OH-Orn]-[Ser]-[Ac-OH-Orn]', '[0]-[1]-[2]-[3]-[4]-[5]-[6]-[7]', 'C44H76N10O21', 1080.51865, 'CCCCCCCCCC(CC(=O)NC(C(C(=O)O)O)C(=O)NC(CO)C(=O)NC(CO)C(=O)NC(CCC(=O)N)C(=O)NC(CCCN(C(=O)C)O)C(=O)NC(CO)C(=O)NC(CCCN(C(=O)C)O)C(=O)O)O', 'CCCCCCCCCC(O)CC(=O)NC(C(O)C(O)=O)C(=O)NC(CO)C(=O)NC(CO)C(=O)NC(CCC(N)=O)C(=O)NC(CCCN(O)C(C)=O)C(=O)NC(CO)C(=O)NC(CCCN(O)C(C)=O)C(O)=O', 0, '139588395', '[12,21,27,33,42,54,60]', 5, 8),
(817, NULL, NULL, NULL, 1, 'linear', 'aquachelin J', '[C10:0]-[OH-Asp]-[Ser]-[Ser]-[Gln]-[Ac-OH-Orn]-[Ser]-[Ac-OH-Orn]', '[0]-[1]-[2]-[3]-[4]-[5]-[6]-[7]', 'C42H72N10O20', 1036.492435, 'CCCCCCCCCC(=O)NC(C(C(=O)O)O)C(=O)NC(CO)C(=O)NC(CO)C(=O)NC(CCC(=O)N)C(=O)NC(CCCN(C(=O)C)O)C(=O)NC(CO)C(=O)NC(CCCN(C(=O)C)O)C(=O)O', 'CCCCCCCCCC(=O)NC(C(O)C(O)=O)C(=O)NC(CO)C(=O)NC(CO)C(=O)NC(CCC(N)=O)C(=O)NC(CCCN(O)C(C)=O)C(=O)NC(CO)C(=O)NC(CCCN(O)C(C)=O)C(O)=O', 0, '139587424', '[10,19,25,31,40,52,58]', 5, 8),
(818, NULL, NULL, NULL, 1, 'cyclic', 'ferrichrome C', '[Ac-OH-Orn]-[Ac-OH-Orn]-[Ac-OH-Orn]-[Gly]-[Ala]-[Gly]', '[0]-[1]-[2]-[3]-[4]-[5]', 'C28H47N9O12', 701.3344180207, 'CC1NC(=O)CNC(=O)C(CCCN(O)C(C)=O)NC(=O)C(CCCN(O)C(C)=O)NC(=O)C(CCCN(O)C(C)=O)NC(=O)CNC1=O', 'CC1NC(=O)CNC(=O)C(CCCN(O)C(C)=O)NC(=O)C(CCCN(O)C(C)=O)NC(=O)C(CCCN(O)C(C)=O)NC(=O)CNC1=O', 0, '152772178', '[2,6,18,30,42,46]', 3, 6),
(819, NULL, 1, NULL, 1, 'linear-polyketide', 'desferrioxamine A1A', '[Hpd]-[Suc]-[Hpd]-[Suc]-[Hbd]', '[0]-[1]-[2]-[3]-[4]', 'C24H46N6O8', 546.337712, 'CC(=O)N(O)CCCCNC(=O)CCC(=O)N(O)CCCCCNC(=O)CCC(=O)N(O)CCCCCN', 'CC(=O)N(O)CCCCNC(=O)CCC(=O)N(O)CCCCCNC(=O)CCC(=O)N(O)CCCCCN', 0, '14029344', '[9,15,23,29]', 3, 5),
(820, NULL, 1, NULL, 1, 'linear-polyketide', 'desferrioxamine A1B', '[Hpd]-[Suc]-[Hbd]-[Suc]-[Hpd]', '[0]-[1]-[2]-[3]-[4]', 'C24H46N6O8', 546.3377124846, 'CC(=O)N(O)CCCCCNC(=O)CCC(=O)N(O)CCCCNC(=O)CCC(=O)N(O)CCCCCN', 'CC(=O)N(O)CCCCCNC(=O)CCC(=O)N(O)CCCCNC(=O)CCC(=O)N(O)CCCCCN', 1, '76815671', '[10,16,23,29]', 3, 5),
(821, NULL, 1, NULL, 1, 'linear-polyketide', 'desferrioxamine A2', '[Hpd]-[Suc]-[Hbd]-[Suc]-[Hbd]', '[0]-[1]-[2]-[3]-[4]', 'C23H44N6O8', 532.322062, 'CC(=O)N(O)CCCCNC(=O)CCC(=O)N(O)CCCCNC(=O)CCC(=O)N(O)CCCCCN', 'CC(=O)N(O)CCCCNC(=O)CCC(=O)N(O)CCCCNC(=O)CCC(=O)N(O)CCCCCN', 6, '10.1039/b906679a', '[9,15,22,28]', 3, 5),
(822, 1, 1, NULL, 1, 'linear-polyketide', 'desferrioxamine D1', '[Hpd]-[Suc]-[Hpd]-[Suc]-[Hpd]', '[0]-[1]-[2]-[3]-[4]', 'C27H50N6O9', 602.3639272351, 'CC(=O)NCCCCCN(O)C(=O)CCC(=O)NCCCCCN(O)C(=O)CCC(=O)NCCCCCN(O)C(C)=O', 'CC(=O)NCCCCCN(O)C(=O)CCC(=O)NCCCCCN(O)C(=O)CCC(=O)NCCCCCN(O)C(C)=O', 0, '10008761', '[10,16,24,30]', 2, 5),
(823, NULL, NULL, NULL, 1, 'cyclic-polyketide', 'desferrioxamine D2', '[Hpd]-[Suc]-[Hpd]-[Suc]-[Hbd]-[Suc]', '\\([0]\\([1]-[2]-[3]-[4]-[5]\\)', 'C26H46N6O9', 586.332627, 'ON1CCCCCNC(=O)CCC(=O)N(O)CCCCNC(=O)CCC(=O)N(O)CCCCCNC(=O)CCC1=O', 'ON1CCCCCNC(=O)CCC(=O)N(O)CCCCNC(=O)CCC(=O)N(O)CCCCCNC(=O)CCC1=O', 0, '14671620', '[7,13,20,26,34,40]', 3, 6),
(824, NULL, NULL, NULL, 1, 'linear-polyketide', 'desferrioxamine G2A', '[Hpd]-[Suc]-[Hpd]-[Suc]-[Hbd]-[Suc]', '[0]-[1]-[2]-[3]-[4]-[5]', 'C26H48N6O10', 604.343191793, 'NCCCCCN(O)C(=O)CCC(=O)NCCCCCN(O)C(=O)CCC(=O)NCCCCN(O)C(=O)CCC(O)=O', 'NCCCCCN(O)C(=O)CCC(=O)NCCCCCN(O)C(=O)CCC(=O)NCCCCN(O)C(=O)CCC(O)=O', 0, '71346252', '[7,13,21,27,34]', 3, 6),
(825, NULL, NULL, NULL, 1, 'linear-polyketide', 'desferrioxamine G2B', '[Hpd]-[Suc]-[Hbd]-[Suc]-[Hpd]-[Suc]', '[0]-[1]-[2]-[3]-[4]-[5]', 'C26H48N6O10', 604.343191793, 'NCCCCCN(O)C(=O)CCC(=O)NCCCCN(O)C(=O)CCC(=O)NCCCCCN(O)C(=O)CCC(O)=O', 'NCCCCCN(O)C(=O)CCC(=O)NCCCCN(O)C(=O)CCC(=O)NCCCCCN(O)C(=O)CCC(O)=O', 0, '71346253', '[7,13,20,26,34]', 3, 6),
(826, NULL, NULL, NULL, 1, 'linear-polyketide', 'desferrioxamine G2C', '[Hbd]-[Suc]-[Hpd]-[Suc]-[Hpd]-[Suc]', '[0]-[1]-[2]-[3]-[4]-[5]', 'C26H48N6O10', 604.343192, 'NCCCCN(O)C(=O)CCC(=O)NCCCCCN(O)C(=O)CCC(=O)NCCCCCN(O)C(=O)CCC(O)=O', 'NCCCCN(O)C(=O)CCC(=O)NCCCCCN(O)C(=O)CCC(=O)NCCCCCN(O)C(=O)CCC(O)=O', 6, '10.1039/b906679a', '[6,12,20,26,34]', 3, 6),
(827, NULL, 1, NULL, 1, 'linear-polyketide', 'desferrioxamine H', '[Suc]-[Hpd]-[Suc]-[Hpd]', '[0]-[1]-[2]-[3]', 'C20H36N4O8', 460.253314, 'CC(=O)N(CCCCCNC(=O)CCC(=O)N(CCCCCNC(=O)CCC(=O)O)O)O', 'CC(=O)N(O)CCCCCNC(=O)CCC(=O)N(O)CCCCCNC(=O)CCC(O)=O', 0, '57509383', '[9,15,22]', 2, 4),
(829, NULL, 1, NULL, 1, 'linear-polyketide', 'desferrioxamine N', '[Hhd]-[Suc]-[Hpd]-[Suc]-[Hpd]', '[0]-[1]-[2]-[3]-[4]', 'C26H50N6O8', 574.369013, 'CC(=O)N(CCCCCNC(=O)CCC(=O)N(CCCCCNC(=O)CCC(=O)N(CCCCCCN)O)O)O', 'CC(=O)N(O)CCCCCNC(=O)CCC(=O)N(O)CCCCCNC(=O)CCC(=O)N(O)CCCCCCN', 0, '140886219', '[9,15,22,28]', 3, 5),
(830, NULL, NULL, NULL, 1, 'cyclic-polyketide', 'desferrioxamine X1', '[Hbd]-[Suc]-[Hbd]-[Suc]-[Hpd]-[Suc]', '[0]-[1]-[2]-[3]-[4]-[5]', 'C25H44N6O9', 572.316977, 'C1CCNC(=O)CCC(=O)N(CCCCNC(=O)CCC(=O)N(CCCCNC(=O)CCC(=O)N(CC1)O)O)O', 'ON1CCCCCNC(=O)CCC(=O)N(O)CCCCNC(=O)CCC(=O)N(O)CCCCNC(=O)CCC1=O', 0, '14671619', '[3,9,15,21,27,33]', 3, 6),
(831, NULL, NULL, NULL, 1, 'cyclic-polyketide', 'desferrioxamine X2', '[Hbd]-[Suc]-[Hbd]-[Suc]-[Hbd]-[Suc]', '[0]-[1]-[2]-[3]-[4]-[5]', 'C24H42N6O9', 558.301327, 'C1CCN(C(=O)CCC(=O)NCCCCN(C(=O)CCC(=O)NCCCCN(C(=O)CCC(=O)NC1)O)O)O', 'ON1CCCCNC(=O)CCC(=O)N(O)CCCCNC(=O)CCC(=O)N(O)CCCCNC(=O)CCC1=O', 0, '14671618', '[3,9,15,21,27,33]', 2, 6),
(832, NULL, NULL, NULL, 1, 'cyclic-polyketide', 'desferrioxamine X3', '[Hpd]-[Suc]-[Hpd]-[Suc]-[Hhd]-[Suc]', '[0]-[1]-[2]-[3]-[4]-[5]', 'C28H50N6O9', 614.363927, 'C1CCCN(C(=O)CCC(=O)NCCCCCN(C(=O)CCC(=O)NCCCCCN(C(=O)CCC(=O)NCC1)O)O)O', 'ON1CCCCCCNC(=O)CCC(=O)N(O)CCCCCNC(=O)CCC(=O)N(O)CCCCCNC(=O)CCC1=O', 0, '14671621', '[4,10,17,23,30,36]', 3, 6),
(833, NULL, NULL, NULL, 1, 'cyclic-polyketide', 'desferrioxamine X4', '[Hpd]-[Suc]-[Hhd]-[Suc]-[Hhd]-[Suc]', '[0]-[1]-[2]-[3]-[4]-[5]', 'C29H52N6O9', 628.379577, 'C1CCCN(C(=O)CCC(=O)NCCCCCCN(C(=O)CCC(=O)NCCCCCN(C(=O)CCC(=O)NCC1)O)O)O', 'ON1CCCCCCNC(=O)CCC(=O)N(O)CCCCCNC(=O)CCC(=O)N(O)CCCCCCNC(=O)CCC1=O', 0, '14671622', '[4,10,18,24,31,37]', 3, 6),
(834, NULL, NULL, NULL, 1, 'cyclic-polyketide', 'desferrioxamine T1', '[Hpd]-[Suc]-[Hpd]-[Suc]-[Hpd]-[Suc]-[Hpd]-[Suc]', '\\([0]\\([1]-[2]-[3]-[4]-[5]-[6]-[7]\\)', 'C36H64N8O12', 800.4643695612, 'ON1CCCCCNC(=O)CCC(=O)N(O)CCCCCNC(=O)CCC(=O)N(O)CCCCCNC(=O)CCC(=O)N(O)CCCCCNC(=O)CCC1=O', 'ON1CCCCCNC(=O)CCC(=O)N(O)CCCCCNC(=O)CCC(=O)N(O)CCCCCNC(=O)CCC(=O)N(O)CCCCCNC(=O)CCC1=O', 1, '57490787', '[7,13,21,27,35,41,49,55]', 2, 8),
(835, NULL, NULL, NULL, 1, 'cyclic-polyketide', 'desferrioxamine T2', '[Hbd]-[Suc]-[Hpd]-[Suc]-[Hpd]-[Suc]-[Hpd]-[Suc]', '\\([0]\\([1]-[2]-[3]-[4]-[5]-[6]-[7]\\)', 'C35H62N8O12', 786.448719497, 'ON1CCCCCNC(=O)CCC(=O)N(O)CCCCCNC(=O)CCC(=O)N(O)CCCCNC(=O)CCC(=O)N(O)CCCCCNC(=O)CCC1=O', 'ON1CCCCCNC(=O)CCC(=O)N(O)CCCCCNC(=O)CCC(=O)N(O)CCCCNC(=O)CCC(=O)N(O)CCCCCNC(=O)CCC1=O', 1, '57490779', '[7,13,21,27,34,40,48,54]', 3, 8),
(836, NULL, NULL, NULL, 1, 'cyclic-polyketide', 'desferrioxamine T3', '[Hpa]-[Suc]-[Hpd]-[Suc]-[Hpd]-[Suc]-[Hpd]-[Suc]', '\\([0]\\([1]-[2]-[3]-[4]-[5]-[6]-[7]\\)', 'C34H60N8O12', 772.4330694328, 'ON1CCCCCNC(=O)CCC(=O)N(O)CCCCCNC(=O)CCC(=O)N(O)CCCNC(=O)CCC(=O)N(O)CCCCCNC(=O)CCC1=O', 'ON1CCCCCNC(=O)CCC(=O)N(O)CCCCCNC(=O)CCC(=O)N(O)CCCNC(=O)CCC(=O)N(O)CCCCCNC(=O)CCC1=O', 1, '57490763', '[7,13,21,27,33,39,47,53]', 3, 8),
(837, NULL, NULL, NULL, 1, 'cyclic-polyketide', 'desferrioxamine T7', '[Hbd]-[Suc]-[Hbd]-[Suc]-[Hpd]-[Suc]-[Hpd]-[Suc]', '\\([0]\\([1]-[2]-[3]-[4]-[5]-[6]-[7]\\)', 'C34H60N8O12', 772.433069, 'ON1CCCCCNC(=O)CCC(=O)N(O)CCCCNC(=O)CCC(=O)N(O)CCCCNC(=O)CCC(=O)N(O)CCCCCNC(=O)CCC1=O', 'ON1CCCCCNC(=O)CCC(=O)N(O)CCCCNC(=O)CCC(=O)N(O)CCCCNC(=O)CCC(=O)N(O)CCCCCNC(=O)CCC1=O', 6, '10.1039/b906679a', '[7,13,20,26,33,39,47,53]', 3, 8),
(838, NULL, NULL, NULL, 1, 'cyclic-polyketide', 'desferrioxamine T8', '[Hpa]-[Suc]-[Hpa]-[Suc]-[Hpa]-[Suc]-[Hpd]-[Suc]', '\\([0]\\([1]-[2]-[3]-[4]-[5]-[6]-[7]\\)', 'C30H52N8O12', 716.370469, 'ON1CCCCCNC(=O)CCC(=O)N(O)CCCNC(=O)CCC(=O)N(O)CCCNC(=O)CCC(=O)N(O)CCCNC(=O)CCC1=O', 'ON1CCCCCNC(=O)CCC(=O)N(O)CCCNC(=O)CCC(=O)N(O)CCCNC(=O)CCC(=O)N(O)CCCNC(=O)CCC1=O', 6, '10.1039/b906679a', '[7,13,19,25,31,37,43,49]', 3, 8),
(839, NULL, NULL, NULL, 1, 'cyclic', 'destruxin B', '[Ile]-[NMe-Val]-[NMe-Ala]-[bAla]-[C5:0-Me(4)-OH(2)]-[Pro]', '[0]-[1]-[2]-[3]-[4]-[5]', 'C30H51N5O7', 593.378849, 'CCC(C)C1NC(=O)C2CCCN2C(=O)C(CC(C)C)OC(=O)CCNC(=O)C(C)N(C)C(=O)C(C(C)C)N(C)C1=O', 'CCC(C)C1NC(=O)C2CCCN2C(=O)C(CC(C)C)OC(=O)CCNC(=O)C(C)N(C)C(=O)C(C(C)C)N(C)C1=O', 0, '428373', '[5,12,20,25,31,39]', 6, 6),
(840, NULL, NULL, NULL, 1, 'cyclic', 'destruxin A', '[Ile]-[NMe-Val]-[NMe-Ala]-[bAla]-[OH-Eno]-[Pro]', '[0]-[1]-[2]-[3]-[4]-[5]', 'C29H47N5O7', 577.347549, 'CCC(C)C1NC(=O)C2CCCN2C(=O)C(CC=C)OC(=O)CCNC(=O)C(C)N(C)C(=O)C(C(C)C)N(C)C1=O', 'CCC(C)C1NC(=O)C2CCCN2C(=O)C(CC=C)OC(=O)CCNC(=O)C(C)N(C)C(=O)C(C(C)C)N(C)C1=O', 0, '122810', '[5,12,19,24,30,38]', 6, 6),
(842, NULL, NULL, NULL, 1, 'cyclic', 'roseotoxin A (MeLxx)', '[Ile]-[NMe-Lxx]-[NMe-Ala]-[bAla]-[C5:0-Me(4)-OH(2)]-[3Me-Pro]', '[0]-[1]-[2]-[3]-[4]-[5]', 'C32H55N5O7', 621.410149, 'CCC(C)C1NC(=O)C2C(C)CCN2C(=O)C(CC(C)C)OC(=O)CCNC(=O)C(C)N(C)C(=O)C(CC(C)C)N(C)C1=O', 'CCC(C)C1NC(=O)C2C(C)CCN2C(=O)C(CC(C)C)OC(=O)CCNC(=O)C(C)N(C)C(=O)C(CC(C)C)N(C)C1=O', 6, '10.1255/ejms.531', '[5,13,21,26,32,41]', 6, 6),
(843, NULL, NULL, NULL, 1, 'cyclic', 'roseotoxin A (Val)', '[Ile]-[Val]-[NMe-Ala]-[bAla]-[C5:0-Me(4)-OH(2)]-[3Me-Pro]', '[0]-[1]-[2]-[3]-[4]-[5]', 'C30H51N5O7', 593.378849, 'CCC(C)C1NC(=O)C2C(C)CCN2C(=O)C(CC(C)C)OC(=O)CCNC(=O)C(C)N(C)C(=O)C(NC1=O)C(C)C', 'CCC(C)C1NC(=O)C2C(C)CCN2C(=O)C(CC(C)C)OC(=O)CCNC(=O)C(C)N(C)C(=O)C(NC1=O)C(C)C', 6, '10.1255/ejms.531', '[5,13,21,26,32,36]', 6, 6),
(844, NULL, NULL, NULL, 1, 'cyclic', 'roseotoxin B (MeLxx)', '[Ile]-[NMe-Lxx]-[NMe-Ala]-[bAla]-[OH-Eno]-[3Me-Pro]', '[0]-[1]-[2]-[3]-[4]-[5]', 'C31H51N5O7', 605.378849, 'CCC(C)C1NC(=O)C2C(C)CCN2C(=O)C(CC=C)OC(=O)CCNC(=O)C(C)N(C)C(=O)C(CC(C)C)N(C)C1=O', 'CCC(C)C1NC(=O)C2C(C)CCN2C(=O)C(CC=C)OC(=O)CCNC(=O)C(C)N(C)C(=O)C(CC(C)C)N(C)C1=O', 6, '10.1255/ejms.531', '[5,13,20,25,31,40]', 6, 6),
(845, NULL, NULL, NULL, 1, 'cyclic', 'roseotoxin C', '[Ile]-[NMe-Val]-[NMe-Ala]-[bAla]-[C5:0-Me(4)-OH(2.5)]-[3Me-Pro]', '[0]-[1]-[2]-[3]-[4]-[5]', 'C31H53N5O8', 623.389414, 'CCC(C)C1NC(=O)C2C(C)CCN2C(=O)C(CC(C)CO)OC(=O)CCNC(=O)C(C)N(C)C(=O)C(C(C)C)N(C)C1=O', 'CCC(C)C1NC(=O)C2C(C)CCN2C(=O)C(CC(C)CO)OC(=O)CCNC(=O)C(C)N(C)C(=O)C(C(C)C)N(C)C1=O', 6, '10.1255/ejms.531', '[5,13,22,27,33,41]', 6, 6),
(846, NULL, NULL, NULL, 1, 'cyclic', 'cyclosporin K', '[Ala]-[NMe-Leu]-[NMe-Leu]-[NMe-Val]-[dNMe-Bmt]-[Val]-[NMe-Gly]-[NMe-Leu]-[Val]-[NMe-Leu]-[Ala]', '[0]-[1]-[2]-[3]-[4]-[5]-[6]-[7]-[8]-[9]-[10]', 'C63H113N11O11', 1199.862104, 'CC=CCC(C)CC1N(C)C(=O)C(C(C)C)N(C)C(=O)C(CC(C)C)N(C)C(=O)C(CC(C)C)N(C)C(=O)C(C)NC(=O)C(C)NC(=O)C(CC(C)C)N(C)C(=O)C(NC(=O)C(CC(C)C)N(C)C(=O)CN(C)C(=O)C(NC1=O)C(C)C)C(C)C', 'CC=CCC(C)CC1N(C)C(=O)C(C(C)C)N(C)C(=O)C(CC(C)C)N(C)C(=O)C(CC(C)C)N(C)C(=O)C(C)NC(=O)C(C)NC(=O)C(CC(C)C)N(C)C(=O)C(NC(=O)C(CC(C)C)N(C)C(=O)CN(C)C(=O)C(NC1=O)C(C)C)C(C)C', 6, '10.1021/cr9600262', '[9,17,26,35,40,45,54,58,67,72,76]', 6, 11),
(847, NULL, NULL, NULL, 1, 'cyclic', 'cyclosporin M', '[Ala]-[NMe-Leu]-[NMe-Leu]-[NMe-Val]-[NMe-Bmt]-[Nva]-[NMe-Gly]-[NMe-Leu]-[Nva]-[NMe-Leu]-[Ala]', '[0]-[1]-[2]-[3]-[4]-[5]-[6]-[7]-[8]-[9]-[10]', 'C63H113N11O12', 1215.8570181497, 'CCCC1NC(=O)C(C(O)C(C)CC=CC)N(C)C(=O)C(C(C)C)N(C)C(=O)C(CC(C)C)N(C)C(=O)C(CC(C)C)N(C)C(=O)C(C)NC(=O)C(C)NC(=O)C(CC(C)C)N(C)C(=O)C(CCC)NC(=O)C(CC(C)C)N(C)C(=O)CN(C)C1=O', 'CCCC1NC(=O)C(C(O)C(C)CC=CC)N(C)C(=O)C(C(C)C)N(C)C(=O)C(CC(C)C)N(C)C(=O)C(CC(C)C)N(C)C(=O)C(C)NC(=O)C(C)NC(=O)C(CC(C)C)N(C)C(=O)C(CCC)NC(=O)C(CC(C)C)N(C)C(=O)CN(C)C1=O', 1, '30809554', '[4,17,25,34,43,48,53,62,69,78,83]', 6, 11);
INSERT INTO `msb_sequence` (`id`, `n_modification_id`, `c_modification_id`, `b_modification_id`, `container_id`, `sequence_type`, `sequence_name`, `sequence`, `sequence_original`, `sequence_formula`, `sequence_mass`, `sequence_smiles`, `usmiles`, `source`, `identifier`, `decays`, `unique_block_count`, `block_count`) VALUES
(848, NULL, NULL, NULL, 1, 'cyclic', 'cyclosporin N', '[Ala]-[NMe-Leu]-[Leu]-[NMe-Val]-[NMe-Bmt]-[Nva]-[NMe-Gly]-[NMe-Leu]-[Val]-[NMe-Leu]-[Ala]', '[0]-[1]-[2]-[3]-[4]-[5]-[6]-[7]-[8]-[9]-[10]', 'C62H111N11O12', 1201.841368, 'CCCC1NC(=O)C(C(O)C(C)CC=CC)N(C)C(=O)C(C(C)C)N(C)C(=O)C(CC(C)C)NC(=O)C(CC(C)C)N(C)C(=O)C(C)NC(=O)C(C)NC(=O)C(CC(C)C)N(C)C(=O)C(NC(=O)C(CC(C)C)N(C)C(=O)CN(C)C1=O)C(C)C', 'CCCC1NC(=O)C(C(O)C(C)CC=CC)N(C)C(=O)C(C(C)C)N(C)C(=O)C(CC(C)C)NC(=O)C(CC(C)C)N(C)C(=O)C(C)NC(=O)C(C)NC(=O)C(CC(C)C)N(C)C(=O)C(NC(=O)C(CC(C)C)N(C)C(=O)CN(C)C1=O)C(C)C', 1, '30809558', '[4,17,25,33,42,47,52,61,65,74,79]', 8, 11),
(849, NULL, NULL, NULL, 1, 'cyclic', 'cyclosporin O', '[Ala]-[NMe-Leu]-[NMe-Leu]-[NMe-Val]-[NMe-Leu]-[Nva]-[NMe-Gly]-[NMe-Leu]-[Val]-[NMe-Leu]-[Ala]', '[0]-[1]-[2]-[3]-[4]-[5]-[6]-[7]-[8]-[9]-[10]', 'C60H109N11O11', 1159.8308033992, 'CCCC1NC(=O)C(CC(C)C)N(C)C(=O)C(C(C)C)N(C)C(=O)C(CC(C)C)N(C)C(=O)C(CC(C)C)N(C)C(=O)C(C)NC(=O)C(C)NC(=O)C(CC(C)C)N(C)C(=O)C(NC(=O)C(CC(C)C)N(C)C(=O)CN(C)C1=O)C(C)C', 'CCCC1NC(=O)C(CC(C)C)N(C)C(=O)C(C(C)C)N(C)C(=O)C(CC(C)C)N(C)C(=O)C(CC(C)C)N(C)C(=O)C(C)NC(=O)C(C)NC(=O)C(CC(C)C)N(C)C(=O)C(NC(=O)C(CC(C)C)N(C)C(=O)CN(C)C1=O)C(C)C', 1, '9345856', '[4,13,21,30,39,44,49,58,62,71,76]', 6, 11),
(850, NULL, NULL, NULL, 1, 'cyclic', 'cyclosporin P', '[Ala]-[NMe-Leu]-[NMe-Leu]-[NMe-Val]-[Bmt]-[Thr]-[NMe-Gly]-[NMe-Leu]-[Val]-[NMe-Leu]-[Ala]', '[0]-[1]-[2]-[3]-[4]-[5]-[6]-[7]-[8]-[9]-[10]', 'C61H109N11O13', 1203.8206326434, 'CC=CCC(C)C(O)C1NC(=O)C(C(C)C)N(C)C(=O)C(CC(C)C)N(C)C(=O)C(CC(C)C)N(C)C(=O)C(C)NC(=O)C(C)NC(=O)C(CC(C)C)N(C)C(=O)C(NC(=O)C(CC(C)C)N(C)C(=O)CN(C)C(=O)C(NC1=O)C(C)O)C(C)C', 'CC=CCC(C)C(O)C1NC(=O)C(C(C)C)N(C)C(=O)C(CC(C)C)N(C)C(=O)C(CC(C)C)N(C)C(=O)C(C)NC(=O)C(C)NC(=O)C(CC(C)C)N(C)C(=O)C(NC(=O)C(CC(C)C)N(C)C(=O)CN(C)C(=O)C(NC1=O)C(C)O)C(C)C', 1, '30845312', '[9,17,26,35,40,45,54,58,67,72,76]', 7, 11),
(851, NULL, NULL, NULL, 1, 'cyclic', 'cyclosporin Q', '[Ala]-[NMe-Leu]-[NMe-Leu]-[NMe-Val]-[NMe-Bmt]-[Abu]-[NMe-Gly]-[Val]-[Val]-[NMe-Leu]-[Ala]', '[0]-[1]-[2]-[3]-[4]-[5]-[6]-[7]-[8]-[9]-[10]', 'C60H107N11O12', 1173.8100679571, 'CCC1NC(=O)C(C(O)C(C)CC=CC)N(C)C(=O)C(C(C)C)N(C)C(=O)C(CC(C)C)N(C)C(=O)C(CC(C)C)N(C)C(=O)C(C)NC(=O)C(C)NC(=O)C(CC(C)C)N(C)C(=O)C(NC(=O)C(NC(=O)CN(C)C1=O)C(C)C)C(C)C', 'CCC1NC(=O)C(C(O)C(C)CC=CC)N(C)C(=O)C(C(C)C)N(C)C(=O)C(CC(C)C)N(C)C(=O)C(CC(C)C)N(C)C(=O)C(C)NC(=O)C(C)NC(=O)C(CC(C)C)N(C)C(=O)C(NC(=O)C(NC(=O)CN(C)C1=O)C(C)C)C(C)C', 1, '8255511', '[3,16,24,33,42,47,52,61,65,69,74]', 7, 11),
(852, NULL, NULL, NULL, 1, 'cyclic', 'cyclosporin R', '[Ala]-[NMe-Leu]-[Leu]-[NMe-Val]-[NMe-Bmt]-[Abu]-[NMe-Gly]-[NMe-Leu]-[Val]-[Leu]-[Ala]', '[0]-[1]-[2]-[3]-[4]-[5]-[6]-[7]-[8]-[9]-[10]', 'C60H107N11O12', 1173.8100679571, 'CCC1NC(=O)C(C(O)C(C)CC=CC)N(C)C(=O)C(C(C)C)N(C)C(=O)C(CC(C)C)NC(=O)C(CC(C)C)N(C)C(=O)C(C)NC(=O)C(C)NC(=O)C(CC(C)C)NC(=O)C(NC(=O)C(CC(C)C)N(C)C(=O)CN(C)C1=O)C(C)C', 'CCC1NC(=O)C(C(O)C(C)CC=CC)N(C)C(=O)C(C(C)C)N(C)C(=O)C(CC(C)C)NC(=O)C(CC(C)C)N(C)C(=O)C(C)NC(=O)C(C)NC(=O)C(CC(C)C)NC(=O)C(NC(=O)C(CC(C)C)N(C)C(=O)CN(C)C1=O)C(C)C', 1, '30809643', '[3,16,24,32,41,46,51,59,63,72,77]', 8, 11),
(853, NULL, NULL, NULL, 1, 'cyclic', 'cyclosporin S', '[Ala]-[NMe-Leu]-[NMe-Leu]-[NMe-Val]-[NMe-Bmt]-[Thr]-[NMe-Gly]-[Val]-[Val]-[NMe-Leu]-[Ala]', '[0]-[1]-[2]-[3]-[4]-[5]-[6]-[7]-[8]-[9]-[10]', 'C60H107N11O13', 1189.8049825792, 'CC=CCC(C)C(O)C1N(C)C(=O)C(C(C)C)N(C)C(=O)C(CC(C)C)N(C)C(=O)C(CC(C)C)N(C)C(=O)C(C)NC(=O)C(C)NC(=O)C(CC(C)C)N(C)C(=O)C(NC(=O)C(NC(=O)CN(C)C(=O)C(NC1=O)C(C)O)C(C)C)C(C)C', 'CC=CCC(C)C(O)C1N(C)C(=O)C(C(C)C)N(C)C(=O)C(CC(C)C)N(C)C(=O)C(CC(C)C)N(C)C(=O)C(C)NC(=O)C(C)NC(=O)C(CC(C)C)N(C)C(=O)C(NC(=O)C(NC(=O)CN(C)C(=O)C(NC1=O)C(C)O)C(C)C)C(C)C', 1, '30809658', '[10,18,27,36,41,46,55,59,63,68,72]', 7, 11),
(854, NULL, NULL, NULL, 1, 'cyclic', 'cyclosporin V', '[Ala]-[NMe-Leu]-[NMe-Leu]-[NMe-Val]-[NMe-Bmt]-[Abu]-[NMe-Gly]-[NMe-Leu]-[Val]-[NMe-Leu]-[Abu]', '[0]-[1]-[2]-[3]-[4]-[5]-[6]-[7]-[8]-[9]-[10]', 'C63H113N11O12', 1215.8570181497, 'CCC1NC(=O)C(CC(C)C)N(C)C(=O)C(NC(=O)C(CC(C)C)N(C)C(=O)CN(C)C(=O)C(CC)NC(=O)C(C(O)C(C)CC=CC)N(C)C(=O)C(C(C)C)N(C)C(=O)C(CC(C)C)N(C)C(=O)C(CC(C)C)N(C)C(=O)C(C)NC1=O)C(C)C', 'CCC1NC(=O)C(CC(C)C)N(C)C(=O)C(NC(=O)C(CC(C)C)N(C)C(=O)CN(C)C(=O)C(CC)NC(=O)C(C(O)C(C)CC=CC)N(C)C(=O)C(C(C)C)N(C)C(=O)C(CC(C)C)N(C)C(=O)C(CC(C)C)N(C)C(=O)C(C)NC1=O)C(C)C', 1, '9993421', '[3,12,16,25,30,36,49,57,66,75,80]', 7, 11),
(855, NULL, NULL, NULL, 1, 'cyclic', 'cyclosporin W', '[Ala]-[NMe-Leu]-[NMe-Leu]-[Val]-[NMe-Bmt]-[Thr]-[NMe-Gly]-[NMe-Leu]-[Val]-[NMe-Leu]-[Ala]', '[0]-[1]-[2]-[3]-[4]-[5]-[6]-[7]-[8]-[9]-[10]', 'C61H109N11O13', 1203.8206326434, 'CC=CCC(C)C(O)C1N(C)C(=O)C(NC(=O)C(CC(C)C)N(C)C(=O)C(CC(C)C)N(C)C(=O)C(C)NC(=O)C(C)NC(=O)C(CC(C)C)N(C)C(=O)C(NC(=O)C(CC(C)C)N(C)C(=O)CN(C)C(=O)C(NC1=O)C(C)O)C(C)C)C(C)C', 'CC=CCC(C)C(O)C1N(C)C(=O)C(NC(=O)C(CC(C)C)N(C)C(=O)C(CC(C)C)N(C)C(=O)C(C)NC(=O)C(C)NC(=O)C(CC(C)C)N(C)C(=O)C(NC(=O)C(CC(C)C)N(C)C(=O)CN(C)C(=O)C(NC1=O)C(C)O)C(C)C)C(C)C', 1, '30809644', '[10,14,23,32,37,42,51,55,64,69,73]', 6, 11),
(856, NULL, NULL, NULL, 1, 'cyclic', 'cyclosporin X', '[Ala]-[Leu]-[NMe-Leu]-[NMe-Val]-[NMe-Bmt]-[Nva]-[NMe-Gly]-[NMe-Leu]-[Val]-[NMe-Leu]-[Ala]', '[0]-[1]-[2]-[3]-[4]-[5]-[6]-[7]-[8]-[9]-[10]', 'C62H111N11O12', 1201.8413680855, 'CCCC1NC(=O)C(C(O)C(C)CC=CC)N(C)C(=O)C(C(C)C)N(C)C(=O)C(CC(C)C)N(C)C(=O)C(CC(C)C)NC(=O)C(C)NC(=O)C(C)NC(=O)C(CC(C)C)N(C)C(=O)C(NC(=O)C(CC(C)C)N(C)C(=O)CN(C)C1=O)C(C)C', 'CCCC1NC(=O)C(C(O)C(C)CC=CC)N(C)C(=O)C(C(C)C)N(C)C(=O)C(CC(C)C)N(C)C(=O)C(CC(C)C)NC(=O)C(C)NC(=O)C(C)NC(=O)C(CC(C)C)N(C)C(=O)C(NC(=O)C(CC(C)C)N(C)C(=O)CN(C)C1=O)C(C)C', 1, '30809567', '[4,17,25,34,42,47,52,61,65,74,79]', 8, 11),
(857, NULL, NULL, NULL, 1, 'cyclic', 'cyclosporin Y', '[Ala]-[NMe-Leu]-[NMe-Leu]-[NMe-Val]-[NMe-Bmt]-[Nva]-[NMe-Gly]-[NMe-Leu]-[Val]-[Leu]-[Ala]', '[0]-[1]-[2]-[3]-[4]-[5]-[6]-[7]-[8]-[9]-[10]', 'C62H111N11O12', 1201.8413680855, 'CCCC1NC(=O)C(C(O)C(C)CC=CC)N(C)C(=O)C(C(C)C)N(C)C(=O)C(CC(C)C)N(C)C(=O)C(CC(C)C)N(C)C(=O)C(C)NC(=O)C(C)NC(=O)C(CC(C)C)NC(=O)C(NC(=O)C(CC(C)C)N(C)C(=O)CN(C)C1=O)C(C)C', 'CCCC1NC(=O)C(C(O)C(C)CC=CC)N(C)C(=O)C(C(C)C)N(C)C(=O)C(CC(C)C)N(C)C(=O)C(CC(C)C)N(C)C(=O)C(C)NC(=O)C(C)NC(=O)C(CC(C)C)NC(=O)C(NC(=O)C(CC(C)C)N(C)C(=O)CN(C)C1=O)C(C)C', 1, '30809565', '[4,17,25,34,43,48,53,61,65,74,79]', 8, 11),
(858, NULL, NULL, NULL, 1, 'cyclic', 'cyclosporin Z', '[Ala]-[NMe-Leu]-[NMe-Leu]-[NMe-Val]-[MeAoc]-[Abu]-[NMe-Gly]-[NMe-Leu]-[Val]-[NMe-Leu]-[Ala]', '[0]-[1]-[2]-[3]-[4]-[5]-[6]-[7]-[8]-[9]-[10]', 'C61H111N11O11', 1173.8464534634, 'CCCCCCC1N(C)C(=O)C(C(C)C)N(C)C(=O)C(CC(C)C)N(C)C(=O)C(CC(C)C)N(C)C(=O)C(C)NC(=O)C(C)NC(=O)C(CC(C)C)N(C)C(=O)C(NC(=O)C(CC(C)C)N(C)C(=O)CN(C)C(=O)C(CC)NC1=O)C(C)C', 'CCCCCCC1N(C)C(=O)C(C(C)C)N(C)C(=O)C(CC(C)C)N(C)C(=O)C(CC(C)C)N(C)C(=O)C(C)NC(=O)C(C)NC(=O)C(CC(C)C)N(C)C(=O)C(NC(=O)C(CC(C)C)N(C)C(=O)CN(C)C(=O)C(CC)NC1=O)C(C)C', 1, '8232676', '[8,16,25,34,39,44,53,57,66,71,77]', 7, 11),
(859, NULL, NULL, NULL, 1, 'cyclic', 'cyclosporin 26', '[Ala]-[NMe-Leu]-[NMe-Leu]-[NMe-Val]-[NMe-Bmt]-[Nva]-[NMe-Gly]-[NMe-Leu]-[Leu]-[NMe-Leu]-[Ala]', '[0]-[1]-[2]-[3]-[4]-[5]-[6]-[7]-[8]-[9]-[10]', 'C64H115N11O12', 1229.8726682139, 'CCCC1NC(=O)C(C(O)C(C)CC=CC)N(C)C(=O)C(C(C)C)N(C)C(=O)C(CC(C)C)N(C)C(=O)C(CC(C)C)N(C)C(=O)C(C)NC(=O)C(C)NC(=O)C(CC(C)C)N(C)C(=O)C(CC(C)C)NC(=O)C(CC(C)C)N(C)C(=O)CN(C)C1=O', 'CCCC1NC(=O)C(C(O)C(C)CC=CC)N(C)C(=O)C(C(C)C)N(C)C(=O)C(CC(C)C)N(C)C(=O)C(CC(C)C)N(C)C(=O)C(C)NC(=O)C(C)NC(=O)C(CC(C)C)N(C)C(=O)C(CC(C)C)NC(=O)C(CC(C)C)N(C)C(=O)CN(C)C1=O', 1, '30809560', '[4,17,25,34,43,48,53,62,70,79,84]', 7, 11),
(860, NULL, NULL, NULL, 1, 'cyclic', 'cyclosporin 27', '[Ala]-[NMe-Leu]-[NMe-Leu]-[NMe-Val]-[Bmt]-[Val]-[NMe-Gly]-[NMe-Leu]-[Val]-[NMe-Leu]-[Ala]', '[0]-[1]-[2]-[3]-[4]-[5]-[6]-[7]-[8]-[9]-[10]', 'C62H111N11O12', 1201.8413680855, 'CC=CCC(C)C(O)C1NC(=O)C(C(C)C)N(C)C(=O)C(CC(C)C)N(C)C(=O)C(CC(C)C)N(C)C(=O)C(C)NC(=O)C(C)NC(=O)C(CC(C)C)N(C)C(=O)C(NC(=O)C(CC(C)C)N(C)C(=O)CN(C)C(=O)C(NC1=O)C(C)C)C(C)C', 'CC=CCC(C)C(O)C1NC(=O)C(C(C)C)N(C)C(=O)C(CC(C)C)N(C)C(=O)C(CC(C)C)N(C)C(=O)C(C)NC(=O)C(C)NC(=O)C(CC(C)C)N(C)C(=O)C(NC(=O)C(CC(C)C)N(C)C(=O)CN(C)C(=O)C(NC1=O)C(C)C)C(C)C', 1, '30845313', '[9,17,26,35,40,45,54,58,67,72,76]', 6, 11),
(861, NULL, NULL, NULL, 1, 'cyclic', 'cyclosporin 28', '[Ala]-[NMe-Leu]-[NMe-Leu]-[NMe-Val]-[NMe-Leu]-[Abu]-[NMe-Gly]-[NMe-Leu]-[Val]-[NMe-Leu]-[Ala]', '[0]-[1]-[2]-[3]-[4]-[5]-[6]-[7]-[8]-[9]-[10]', 'C59H107N11O11', 1145.815153335, 'CCC1NC(=O)C(CC(C)C)N(C)C(=O)C(C(C)C)N(C)C(=O)C(CC(C)C)N(C)C(=O)C(CC(C)C)N(C)C(=O)C(C)NC(=O)C(C)NC(=O)C(CC(C)C)N(C)C(=O)C(NC(=O)C(CC(C)C)N(C)C(=O)CN(C)C1=O)C(C)C', 'CCC1NC(=O)C(CC(C)C)N(C)C(=O)C(C(C)C)N(C)C(=O)C(CC(C)C)N(C)C(=O)C(CC(C)C)N(C)C(=O)C(C)NC(=O)C(C)NC(=O)C(CC(C)C)N(C)C(=O)C(NC(=O)C(CC(C)C)N(C)C(=O)CN(C)C1=O)C(C)C', 1, '8661829', '[3,12,20,29,38,43,48,57,61,70,75]', 6, 11),
(862, NULL, NULL, NULL, 1, 'cyclic', 'cyclosporin 29', '[Ala]-[NMe-Leu]-[NMe-Leu]-[NMe-Val]-[NMe-Bmt]-[Abu]-[NMe-Gly]-[NMe-Ile]-[Val]-[NMe-Leu]-[Ala]', '[0]-[1]-[2]-[3]-[4]-[5]-[6]-[7]-[8]-[9]-[10]', 'C62H111N11O12', 1201.8413680855, 'CCC(C)C1N(C)C(=O)CN(C)C(=O)C(CC)NC(=O)C(C(O)C(C)CC=CC)N(C)C(=O)C(C(C)C)N(C)C(=O)C(CC(C)C)N(C)C(=O)C(CC(C)C)N(C)C(=O)C(C)NC(=O)C(C)NC(=O)C(CC(C)C)N(C)C(=O)C(NC1=O)C(C)C', 'CCC(C)C1N(C)C(=O)CN(C)C(=O)C(CC)NC(=O)C(C(O)C(C)CC=CC)N(C)C(=O)C(C(C)C)N(C)C(=O)C(CC(C)C)N(C)C(=O)C(CC(C)C)N(C)C(=O)C(C)NC(=O)C(C)NC(=O)C(CC(C)C)N(C)C(=O)C(NC1=O)C(C)C', 1, '4976066', '[6,11,17,30,38,47,56,61,66,75,79]', 8, 11),
(863, NULL, NULL, NULL, 1, 'cyclic', 'cyclosporin 30', '[Ala]-[NMe-Leu]-[NMe-Leu]-[NMe-Val]-[NMe-Leu]-[Val]-[NMe-Gly]-[NMe-Leu]-[Val]-[NMe-Leu]-[Ala]', '[0]-[1]-[2]-[3]-[4]-[5]-[6]-[7]-[8]-[9]-[10]', 'C60H109N11O11', 1159.8308033992, 'CC(C)CC1N(C)C(=O)CN(C)C(=O)C(NC(=O)C(CC(C)C)N(C)C(=O)C(C(C)C)N(C)C(=O)C(CC(C)C)N(C)C(=O)C(CC(C)C)N(C)C(=O)C(C)NC(=O)C(C)NC(=O)C(CC(C)C)N(C)C(=O)C(NC1=O)C(C)C)C(C)C', 'CC(C)CC1N(C)C(=O)CN(C)C(=O)C(NC(=O)C(CC(C)C)N(C)C(=O)C(C(C)C)N(C)C(=O)C(CC(C)C)N(C)C(=O)C(CC(C)C)N(C)C(=O)C(C)NC(=O)C(C)NC(=O)C(CC(C)C)N(C)C(=O)C(NC1=O)C(C)C)C(C)C', 1, '30809556', '[6,11,15,24,32,41,50,55,60,69,73]', 5, 11),
(864, NULL, NULL, NULL, 1, 'cyclic', 'cyclosporin 31', '[Ala]-[NMe-Leu]-[NMe-Leu]-[NMe-Val]-[NMe-Bmt]-[Abu]-[NMe-Gly]-[Ile]-[Val]-[NMe-Leu]-[Ala]', '[0]-[1]-[2]-[3]-[4]-[5]-[6]-[7]-[8]-[9]-[10]', 'C61H109N11O12', 1187.825718, 'CCC(C)C1NC(=O)CN(C)C(=O)C(CC)NC(=O)C(C(O)C(C)CC=CC)N(C)C(=O)C(C(C)C)N(C)C(=O)C(CC(C)C)N(C)C(=O)C(CC(C)C)N(C)C(=O)C(C)NC(=O)C(C)NC(=O)C(CC(C)C)N(C)C(=O)C(NC1=O)C(C)C', 'CCC(C)C1NC(=O)CN(C)C(=O)C(CC)NC(=O)C(C(O)C(C)CC=CC)N(C)C(=O)C(C(C)C)N(C)C(=O)C(CC(C)C)N(C)C(=O)C(CC(C)C)N(C)C(=O)C(C)NC(=O)C(C)NC(=O)C(CC(C)C)N(C)C(=O)C(NC1=O)C(C)C', 1, '30809654', '[5,10,16,29,37,46,55,60,65,74,78]', 8, 11),
(865, NULL, NULL, NULL, 1, 'cyclic', 'cyclosporin 32', '[Ser]-[NMe-Leu]-[NMe-Leu]-[NMe-Val]-[NMe-Bmt]-[Abu]-[Gly]-[NMe-Leu]-[Val]-[NMe-Leu]-[Ala]', '[0]-[1]-[2]-[3]-[4]-[5]-[6]-[7]-[8]-[9]-[10]', 'C61H109N11O13', 1203.8206326434, 'CCC1NC(=O)C(C(O)C(C)CC=CC)N(C)C(=O)C(C(C)C)N(C)C(=O)C(CC(C)C)N(C)C(=O)C(CC(C)C)N(C)C(=O)C(CO)NC(=O)C(C)NC(=O)C(CC(C)C)N(C)C(=O)C(NC(=O)C(CC(C)C)N(C)C(=O)CNC1=O)C(C)C', 'CCC1NC(=O)C(C(O)C(C)CC=CC)N(C)C(=O)C(C(C)C)N(C)C(=O)C(CC(C)C)N(C)C(=O)C(CC(C)C)N(C)C(=O)C(CO)NC(=O)C(C)NC(=O)C(CC(C)C)N(C)C(=O)C(NC(=O)C(CC(C)C)N(C)C(=O)CNC1=O)C(C)C', 1, '30809743', '[3,16,24,33,42,48,53,62,66,75,79]', 8, 11);
/*!40000 ALTER TABLE `msb_sequence` ENABLE KEYS */;
UNLOCK TABLES;

--
-- Dumping data for table `msb_sequence_family`
--

LOCK TABLES `msb_sequence_family` WRITE;
/*!40000 ALTER TABLE `msb_sequence_family` DISABLE KEYS */;
INSERT INTO `msb_sequence_family` (`id`, `container_id`, `sequence_family_name`) VALUES
(18, 1, 'amphibactins'),
(20, 1, 'aquachelins'),
(1, 1, 'beauverolides'),
(3, 1, 'cyclosporins'),
(2, 1, 'destruxins'),
(19, 1, 'ferrichromes'),
(10, 1, 'ferrioxamines'),
(12, 1, 'fusarinines'),
(6, 1, 'gramicidins'),
(11, 1, 'ornibactins'),
(21, 1, 'polyketides'),
(4, 1, 'pseudacyclins'),
(13, 1, 'pyoverdines'),
(17, 1, 'roseotoxins'),
(15, 1, 'serratiochelines'),
(7, 1, 'siderophores'),
(16, 1, 'surfactins'),
(5, 1, 'synthetic');
/*!40000 ALTER TABLE `msb_sequence_family` ENABLE KEYS */;
UNLOCK TABLES;

--
-- Dumping data for table `msb_setup`
--

LOCK TABLES `msb_setup` WRITE;
/*!40000 ALTER TABLE `msb_setup` DISABLE KEYS */;
INSERT INTO `msb_setup` (`id`, `similarity`) VALUES
(1, 'tanimoto');
/*!40000 ALTER TABLE `msb_setup` ENABLE KEYS */;
UNLOCK TABLES;

--
-- Dumping data for table `msb_u2c`
--

LOCK TABLES `msb_u2c` WRITE;
/*!40000 ALTER TABLE `msb_u2c` DISABLE KEYS */;
INSERT INTO `msb_u2c` (`id`, `user_id`, `container_id`, `mode`) VALUES
(1, 2, 1, 'RWM'),
(2, 2, 2, 'RWM'),
(3, 2, 3, 'RWM');
/*!40000 ALTER TABLE `msb_u2c` ENABLE KEYS */;
UNLOCK TABLES;

--
-- Dumping data for table `msb_user`
--

LOCK TABLES `msb_user` WRITE;
/*!40000 ALTER TABLE `msb_user` DISABLE KEYS */;
INSERT INTO `msb_user` (`id`, `nick`, `roles`, `password`, `mail`, `api_token`, `conditions`, `chem_spider_token`, `last_activity`) VALUES
(1, 'user', '[\"ROLE_USER\"]', '$2y$13$tlH2FWFDuNrxNLazYGgk3OASXZfXVxIOCBtn7HrpMcOYQGuQNIWzC', NULL, NULL, 1, NULL, NULL),
(2, 'admin', '[\"ROLE_ADMIN\"]', '$2y$13$Lh4JpxvWD1dmlUud6wVlk.qPaFvxqAfVtzZhONP3iAIxg9s7Ix8am', 'admin', NULL, 1, NULL, NULL);
UNLOCK TABLES;
/*!40103 SET TIME_ZONE=@OLD_TIME_ZONE */;

/*!40101 SET SQL_MODE=@OLD_SQL_MODE */;
/*!40014 SET FOREIGN_KEY_CHECKS=@OLD_FOREIGN_KEY_CHECKS */;
/*!40014 SET UNIQUE_CHECKS=@OLD_UNIQUE_CHECKS */;
/*!40101 SET CHARACTER_SET_CLIENT=@OLD_CHARACTER_SET_CLIENT */;
/*!40101 SET CHARACTER_SET_RESULTS=@OLD_CHARACTER_SET_RESULTS */;
/*!40101 SET COLLATION_CONNECTION=@OLD_COLLATION_CONNECTION */;
/*!40111 SET SQL_NOTES=@OLD_SQL_NOTES */;
